user_name,first_name,last_name,patronymic,email
"Dr. Una Wehner Jr.",Erick,Greenholt,Darwin,asha24@example.com
"Anahi Mills",Kip,Weimann,Javon,marlen71@example.net
"Dixie Gulgowski",Lisette,Skiles,Rosetta,eriberto.kuhn@example.net
"Dr. Myah Keebler",Rosalee,Doyle,Vivianne,rubye.cummings@example.net
"Pinkie Wiza",Royal,Keeling,Spencer,aurelio.gorczany@example.net
"Karolann Boyle",Vena,Treutel,Lorine,hudson.derrick@example.com
"Cecelia Erdman",Malvina,Okuneva,Horace,ibrakus@example.org
"Eli Murazik",Mariam,Mosciski,Betsy,atowne@example.net
"Adolph Roberts",Sydnie,Sauer,Cora,eda98@example.com
"Lesly Halvorson",Clare,Armstrong,Bobby,gunner.cruickshank@example.com
"Annabelle Ernser I",Evie,Lebsack,Mina,qrowe@example.com
"Vivianne Hand DDS",Dameon,Ward,Randall,viola63@example.com
"Prof. Laurel Halvorson PhD",Jenifer,Wisoky,Brad,wbalistreri@example.com
"Deontae Luettgen",Selina,Cassin,Tessie,yparker@example.net
"Nora Stokes PhD",William,Gottlieb,Justine,alexander.wunsch@example.com
"Leland Wilderman",Ethan,Kihn,Carey,alanna.schuppe@example.net
"Jamir Schmidt",Rashawn,Fisher,Modesto,garrison09@example.net
"Malcolm Lind",Verner,Heller,Arden,antoinette35@example.com
"Anna McDermott V",Conner,Heller,Markus,cleora98@example.net
"Javonte Parker DVM",Jailyn,Weber,Greyson,serena22@example.net
"Raven Reinger",Lauren,Sauer,Milton,solon09@example.net
"Kaleigh Harris",Quinton,Moore,Arch,pkeebler@example.com
"Franco Hirthe",Lauretta,Gerlach,Aurelio,vernie15@example.org
"Prof. Lucy Kunde",Adelle,Kreiger,Rene,adicki@example.net
"Carmela Crona Jr.",Luther,Mante,Kenny,vilma07@example.net
"Chadrick Schaden",Brown,Johnston,Lyda,wbraun@example.org
"Jeramy Bogisich I",Samanta,Bergstrom,Kendrick,aaliyah.kshlerin@example.net
"Marco Nicolas DVM",Althea,Brown,Aditya,zwolff@example.net
"Hilma Swaniawski",Dimitri,Reynolds,Abdiel,emmerich.kyla@example.org
"Pablo Ziemann IV",Vada,Greenfelder,Aditya,caterina.kilback@example.com
"Rosalinda Hilpert",Alek,Carter,Savanah,hettinger.mavis@example.org
"Dagmar Morissette",Gerald,Douglas,Nelson,morris.wolf@example.net
"Verna Moen",Cyril,Lebsack,Hadley,ferry.doyle@example.com
"Richard O'Reilly",Darian,Wisozk,Wilber,elouise14@example.com
"Zula Zulauf Sr.",Vince,Goyette,Elna,rylee.dach@example.org
"Javier Aufderhar",Johan,Harvey,Nikki,deontae45@example.com
"Karlie Feest DDS",Emil,Stiedemann,Joy,williamson.henry@example.net
"Frederick Yundt",Elsa,Morar,Jeromy,huel.anahi@example.com
"Alyson Bosco Sr.",Carole,Gorczany,Coleman,xhauck@example.com
"Hermina Gorczany",Milan,Hyatt,Alta,marguerite76@example.org
"Ms. Cayla Pouros IV",Timmothy,O'Kon,Alec,nconroy@example.org
"Luna Johns",Pink,Kris,Dean,broderick44@example.org
"Emelie Green",Cesar,Nolan,Carter,horn@example.net
"Mrs. Janice Metz I",Alayna,Brakus,Josiah,ywitting@example.com
"Prof. Josiane Rath",Jacynthe,Lueilwitz,Nelle,chance.anderson@example.net
"Alberta Murazik",Rae,Brekke,Violet,pacocha.morgan@example.org
"Prince Legros",Lisette,Lemke,Kianna,ehowe@example.org
"Ursula Willms",Kaitlin,Schumm,Vivien,austyn04@example.com
"Janet Grady",Felton,McGlynn,Woodrow,hwhite@example.net
"Brisa Corwin",Angelica,Gorczany,Laury,zlynch@example.com
"Brenden Schmitt",Fiona,Gorczany,Darren,zhermiston@example.net
"Glennie Rolfson",Claudie,Christiansen,Jonathon,bergnaum.linnie@example.org
"Lyric Bartoletti",Santina,Spinka,Glenna,sally75@example.com
"Marc West",Albina,Reichel,Savanna,jspencer@example.net
"Constance Vandervort",Brionna,Trantow,Stevie,gabbott@example.org
"Addison Denesik I",Bruce,Rath,Dylan,kaelyn.price@example.com
"Ms. Anais Frami",Elijah,Torphy,Domenic,danika.rowe@example.net
"Palma Oberbrunner",Chance,Metz,Berniece,ashanahan@example.net
"Kayla Kohler",Mark,Barrows,Kellen,considine.jefferey@example.net
"Ms. Carmen Conn MD",Rex,Waters,Samir,abernathy.enrique@example.org
"Patience Quigley DDS",Destiney,Mayert,Ramon,wgibson@example.org
"Ardella Orn",Hiram,Grimes,Rex,baron.gottlieb@example.org
"Tatyana Weber",Neal,Huels,Constance,nienow.domenica@example.org
"Roberto Herzog",Carey,Cummerata,Lenna,dejuan.muller@example.com
"Frances Deckow III",Esteban,Hodkiewicz,Reece,smitham.ova@example.org
"Charity Corkery",Genevieve,Simonis,Aaron,graham.drake@example.com
"Okey Smith",Orpha,Kutch,Jason,stroman.kiel@example.com
"Lenore Koelpin",Domingo,Dicki,Rosanna,emuller@example.org
"Dr. Jeanie Walter III",Laurence,Purdy,Savanna,xvon@example.com
"Izaiah Marks",Jerod,Koch,Rachel,omaggio@example.net
"Kathryne Kassulke IV",Eriberto,Hessel,Mallory,raquel.brown@example.org
"Dr. Everett Dibbert",Yoshiko,Strosin,Aurelie,astracke@example.com
"Lane Purdy",Pascale,O'Keefe,Billy,kameron.schumm@example.net
"Arjun Koelpin",Marlen,Mertz,Georgette,mark61@example.com
"Mr. Nathan Halvorson DVM",Timmothy,Schowalter,Hildegard,jerad.hayes@example.org
"Charley Skiles",Titus,Beier,Lance,abdiel.pacocha@example.net
"Prof. Demarcus Mohr PhD",Larissa,Raynor,London,mreynolds@example.org
"Jody Nienow",Jamarcus,Gislason,Desiree,doyle.kaleigh@example.com
"Braxton Satterfield",Gisselle,Ferry,Dulce,schneider.libby@example.com
"Gloria Williamson MD",Stacey,Farrell,Ara,ankunding.mariane@example.org
"Natalie Feil",Twila,Hoeger,Caden,jhodkiewicz@example.org
"Mrs. Mandy Carroll III",Elva,Beatty,Polly,maritza.stroman@example.com
"Rosemary Toy",Sunny,Smitham,Ursula,acronin@example.org
"Marquis Kuhic",Maddison,Herman,Trever,pyost@example.com
"Miss Loma Stehr",Lavonne,Kutch,Shawn,jaunita.beatty@example.com
"Angelica Lesch",Brandy,Breitenberg,Myrtice,harry.jacobi@example.net
"Dion Ruecker",Eloy,Prosacco,Salvador,tgerhold@example.com
"Eldred Lowe",Bernard,Wunsch,Cornelius,grant.olga@example.com
"Ms. Celine Fisher",Ryann,Gleichner,Lavern,skunze@example.org
"Karine Bahringer III",Ron,Eichmann,Laurie,oran52@example.net
"Mr. Easton Botsford IV",Earl,Cruickshank,Sabina,don.haag@example.net
"Braulio White",Mariana,Smith,Mireya,ebode@example.org
"Elda Donnelly",Kelley,Kirlin,Leonel,vmurray@example.org
"Prof. Santa Toy Jr.",Alysha,Fisher,Collin,gleichner.hollis@example.org
"Wilfrid Goodwin",Sabrina,Armstrong,Mekhi,wrodriguez@example.org
"Micheal Stokes",Mario,Boehm,Aric,jacobi.larissa@example.net
"Ms. Thalia Anderson PhD",Yasmeen,Feest,Sandy,rmueller@example.com
"Maximo Swift",Kaitlyn,Ward,Clare,nasir85@example.org
"Ashton O'Kon",Judy,Kling,Coralie,baumbach.fredrick@example.com
"Ms. Cassandra Larkin",Sheila,Bartoletti,Anne,trystan34@example.org
"Dr. Chandler Sporer DVM",Zita,Strosin,Antonetta,roel86@example.net
"Nicholas Heidenreich",Dell,Wolf,Thomas,alford.hayes@example.com
"Dina Miller",Verda,Oberbrunner,Jamar,murl.simonis@example.net
"Kristina Bruen",Emil,Kuhlman,Amara,buckridge.jayme@example.org
"Prof. Ibrahim Funk",Jannie,O'Conner,Merl,chaya.deckow@example.net
"Mr. Juston Kassulke",Cassie,Powlowski,Javon,grady01@example.org
"Ferne West",Gage,Mueller,Ezequiel,osatterfield@example.org
"Janie Smitham",Kelly,Waters,Jameson,leann.williamson@example.com
"Mr. Giovanny Flatley",Derek,Kunde,Keira,smith.pamela@example.org
"Kassandra Trantow V",Ricky,Mayer,Clare,gussie08@example.com
"Prof. Adalberto Murray",Josefina,Hegmann,Joana,konopelski.jerad@example.com
"Kirstin Mosciski",Ashleigh,Smith,Precious,kmarvin@example.org
"Clay Jast",Della,Nitzsche,Golden,tryan@example.com
"Austyn Bogisich",Amely,Kuhn,Brayan,abernathy.bradley@example.org
"Dr. Gerda Dickinson PhD",Helga,Lockman,Chloe,pborer@example.org
"Ruthe Mitchell",Jason,Funk,Ryley,runolfsson.demario@example.com
"Bessie Gorczany",Amber,Upton,Eveline,predovic.itzel@example.com
"Prof. Rachelle Schamberger",Tristin,Smitham,Coleman,pmoen@example.org
"Mr. Nelson Wiegand",Brain,Kozey,Chadd,srodriguez@example.net
"Malika Dietrich",Skylar,Vandervort,Ariel,rodriguez.jane@example.org
"Jaren Swaniawski",Vivian,Hackett,Vesta,blanda.sean@example.net
"Mrs. Gilda Schiller II",Andrew,Walsh,Nigel,nia54@example.net
"Name Bahringer MD",Price,Tillman,Lonnie,nora77@example.org
"Giles Lockman",Deangelo,Bogan,Merlin,wilton.zboncak@example.net
"Camila Wyman III",Bianka,Wintheiser,Samantha,alexa02@example.com
"Marion Conroy",Isobel,Greenholt,Brody,htorphy@example.com
"Carlo Heidenreich",Friedrich,Goldner,Stephen,kirlin.vivianne@example.com
"Vivian Zemlak",Santina,Marquardt,Jadon,terence14@example.com
"Pietro Grant Sr.",Ida,Mertz,Eleanore,arjun.upton@example.net
"Alysa Howell",Lula,Conroy,Sydni,jdicki@example.com
"Prof. Marquise Crona",Cordie,O'Conner,Elmer,langworth.coy@example.org
"Mallie Rice",Torrance,Abernathy,Aubree,breitenberg.eula@example.net
"Kayden Ryan",Kenna,Keeling,Paul,conroy.rowena@example.org
"Miss Rachelle Cole",German,Stanton,Justen,kale97@example.net
"Faustino Ankunding I",Demarco,Lubowitz,Camren,omckenzie@example.org
"Laurianne Pacocha",Doug,Tromp,Kenneth,margaretta86@example.org
"Camron Weimann",Mekhi,Bradtke,Reese,schmitt.dasia@example.org
"Dallas Wiza",Hailey,White,Colleen,ramon.hyatt@example.com
"Saul Bechtelar",Alexandrine,Beatty,Frieda,oratke@example.org
"Elvis Greenholt",Geo,Dach,Samantha,fschroeder@example.net
"Dr. Coty Zulauf",Alexie,Stroman,London,ines13@example.org
"Bulah Upton",Mylene,Turcotte,Jovan,conroy.lavonne@example.org
"Joany Roob",Deshaun,Hickle,Hailee,brakus.davon@example.net
"Hunter Nader III",Sigmund,Hauck,Celestino,elvera36@example.net
"Hilda Blanda",Ila,Oberbrunner,Laisha,amaya12@example.net
"Mrs. Nichole Purdy",Annamae,Kunze,Marshall,graciela.stokes@example.net
"Ms. Abbie Pfeffer",Furman,Zemlak,Caden,ned.weissnat@example.org
"Amos Reilly",Adriana,Jacobi,Madaline,zsimonis@example.org
"Max Kohler",Dakota,Luettgen,Myah,selmer40@example.org
"Jammie Schoen",Bertha,Carter,Aurore,shana18@example.org
"Ms. Dessie Brekke",Raquel,Stark,Elliot,alexie.kuphal@example.net
"Emanuel Orn",Lukas,Lind,Geraldine,savannah71@example.com
"Buster Bartoletti",Felipe,Marquardt,Jermaine,milton.reichert@example.net
"Jordon Kreiger",Ronny,Pfeffer,Della,addison.wilderman@example.com
"Brandyn Morissette",Leslie,Kemmer,Jillian,nweber@example.org
"Dr. Kenton Kunze",Carrie,Hudson,Danika,uwaters@example.com
"Dorris Miller Jr.",Pasquale,Huel,Ada,wisozk.breana@example.com
"Jayme Collins",Karl,Ortiz,Chaim,owen25@example.net
"Mr. Keven Miller",Kyla,Pouros,Javon,heaney.delphine@example.net
"Lacy Ankunding",Stephania,Auer,Reanna,jarret.smitham@example.org
"Corene Bode",Marjolaine,Schowalter,Katrine,dare.roslyn@example.com
"Aliza Wisoky",Jorge,Windler,Faustino,nmante@example.net
"Ms. Angela Schinner",Freeda,McDermott,Junior,aufderhar.ayana@example.net
"Zelma Heaney",Mikayla,Dach,Addison,lance.howell@example.org
"Mrs. Leanne Jast",Webster,Kessler,Muriel,floy46@example.net
"Danika Kirlin",Lindsey,Ondricka,Else,zbechtelar@example.com
"Carey Little",Amaya,Kling,Pansy,ahauck@example.net
"Muriel McCullough",Stephania,Hudson,Kole,watsica.arne@example.org
"Lora Moore",Dalton,Wisoky,Asha,rasheed51@example.net
"Dr. Rocio Rohan II",Jo,Bednar,Ralph,stephen.volkman@example.org
"Dylan Sawayn",Asia,Graham,Idell,mckayla.hand@example.com
"Oswaldo Feil",Sim,Jones,Colleen,hoppe.maurine@example.com
"Ross Kovacek",Cathrine,O'Reilly,Nina,cathryn.yost@example.net
"Prof. Francis Welch MD",Leone,Crona,Keaton,lyost@example.net
"Dominique Beahan",Jany,Schulist,Demarcus,crogahn@example.org
"Marcellus Krajcik",Laisha,Gleichner,Rosanna,dorian31@example.org
"Michel Welch",Laila,Frami,Kurt,pfeffer.sydnie@example.com
"Mrs. Felipa Olson",Melody,Kshlerin,Bridget,kjenkins@example.net
"Alisha Haag",Lelia,Langworth,Terry,lubowitz.quincy@example.net
"Ms. Jada Keeling PhD",Icie,Greenfelder,Fred,craig04@example.com
"Kayley Crist",Selina,Morissette,Nettie,tommie.huels@example.net
"Mr. Eric Ortiz I",Savannah,Trantow,Jamie,loma35@example.net
"Westley Kohler",Sonya,Reynolds,Aryanna,bennett52@example.net
"Timmy Maggio",Samir,Altenwerth,Israel,myrtle48@example.net
"Prof. Jeffery Kuhic IV",Litzy,Kulas,Rashad,knitzsche@example.com
"Ms. Annie McCullough",Garland,Bruen,Armando,roman60@example.com
"Caleigh Stoltenberg Jr.",Mina,Reichert,Florian,mara87@example.com
"Mr. Clifton Conn",Cooper,Schroeder,Tyrique,uwaters@example.net
"Marian Bashirian",Zetta,Braun,Antonette,antonietta44@example.com
"Prof. Marion Kunze DVM",Wilson,Goodwin,Alan,reina36@example.org
"Alanna Hettinger",Libby,Nitzsche,Corene,walter76@example.net
"Mr. King Stokes Sr.",Chauncey,Daniel,Glenna,acollier@example.net
"Johnpaul Torphy",Nona,Reichert,Rosa,jordan.osinski@example.net
"Mrs. Paige Von V",Florine,Macejkovic,Sandy,cielo33@example.org
"Guy Roob Sr.",Germaine,Schmeler,Guiseppe,homenick.lyda@example.net
"Mikayla Stehr",Kamron,Roberts,Danielle,santina23@example.net
"Mr. Wilber Mohr II",Torey,Ruecker,Hope,jovanny.gleichner@example.net
"Loma McDermott",Neha,Kozey,Juliet,lexus15@example.com
"Alaina Mraz",Vito,Denesik,Wilhelm,zechariah.abshire@example.net
"Marisa Schaden",Leif,Brakus,Jesse,gillian90@example.com
