"Miss Dolly Gleichner DDS","Львовна","Раиса","Пахомова","anastasia.komissarova@example.com","A74830ty-"
"Teagan Rowe","Владимировна","Софья","Абрамоваа","elena87@example.com","Q83790_lg"
"Heaven Abshire","Сергей","Голубева","Львович","xzaharova@example.net","72968Ome_"
"Wilford Grant","Ярослава","Павлова","Львовна","hbelakova@example.net","psW-57921"
"Meagan Kuvalis","Софья","Гурьеваа","Борисовна","vil.nosov@example.com","85043if%N"
"Prof. Johnson Stokes","Дан","Маркова","Сергеевич","natala08@example.net","nv98641-I"
"Jennifer Price","Марк","Суворов","Максимович","hbogdanov@example.com","31026-clC"
"Prof. Mabelle Durgan","Евгеньевна","Клара","Калашникова","sava25@example.net","60328lwC%"
"Herman Kris","Аким","Ефремов","Иванович","aroslav21@example.org","43706Emr-"
"Prof. Jett Sipes","Алексеевна","Алина","Горбунова","zinaida.nesterova@example.org","kn78532-B"
"Dexter Smitham","Мария","Матвееваа","Александровна","vustinov@example.org","%Fin95173"
"Marcel Krajcik","Борисович","Василий","Гурьев","marina72@example.net","86497uy-Y"
"Rylee Casper DDS","Андреевич","Платон","Артемьев","osipova.viktoria@example.net","tn-72345N"
"Dr. Alphonso Cronin","Василий","Макарова","Владимирович","silova.rodion@example.com","-ux42801Y"
"Prof. Norberto Konopelski","Виктория","Некрасова","Романовна","odincova.regina@example.net","_Ilm26149"
"Hosea Flatley","Арсений","Белозёрова","Иванович","boleslav.fedotov@example.org","_yk90532S"
"Quinten Kohler","Станислав","Мартынова","Максимович","lapin.anna@example.net","23706wtO%"
"Dolores O'Reilly","Екатерина","Сергееваа","Александровна","vabramova@example.org","pfU_87013"
"Dr. Dion Wintheiser II","Борисович","Фёдор","Артемьева","izolda29@example.net","%ro80431Y"
"Dr. Raymond O'Keefe","Борисович","Милан","Кулаков","antonov.svetlana@example.net","90765I%it"
"Stanford Roberts","Лаврентий","Силина","Владимирович","koseleva.fedor@example.net","Aab93712%"
"Adaline Parker III","Эдуард","Калинин","Сергеевич","vlasova.platon@example.com","uvR53861_"
"Dr. Celestino Weber Sr.","Евгеньевич","Влад","Богданова","trofim75@example.org","01785_tcA"
"Stanford Muller","Варвара","Корниловаа","Александровна","aleksandra64@example.net","13790Mfq-"
"Nicola Dooley","Виктория","Кулакова","Владимировна","dara49@example.net","Dof67048%"
"Bette Considine","Фёдорович","Платон","Герасимова","nikitina.nina@example.org","Q%31954ia"
"Eddie DuBuque Sr.","Кристина","Вишняковаа","Сергеевна","kotova.sofa@example.net","85736gsR%"
"Edna Cruickshank","Злата","Устинова","Евгеньевна","terentev.ludmila@example.com","02415xvR-"
"Mrs. Cleta Hodkiewicz PhD","Ивановна","Алла","Герасимова","artemij17@example.org","S40569xo_"
"Ms. Syble Yundt I","Тимур","Новикова","Максимович","tamara07@example.net","V%59372nt"
"Breanne Kshlerin","Львович","Гавриил","Горбунов","naumov.taras@example.org","Xwt13540-"
"Prof. Elissa Beer","Романович","Рафаил","Якушев","zkorolev@example.org","_54917Prj"
"Alfonso Hagenes","Юлия","Сазонова","Александровна","belakov.veniamin@example.net","zb_12534M"
"Verla Corkery","Валериан","Рыбаков","Дмитриевич","veniamin.mamontov@example.org","35298Dwc_"
"Chesley Sauer","Романовна","Алина","Фадееваа","tamara.anisimov@example.net","-Y24835ig"
"Jayne Turner DDS","Максимовна","Кристина","Муравьёва","ulian95@example.org","_O51490fq"
"Franco Maggio","Вероника","Колесникова","Александровна","kondratev.lev@example.com","yn-63271G"
"Dr. Elaina Gerlach DVM","Иванович","Анатолий","Одинцова","burova.lada@example.net","30145-hrW"
"Mrs. Antonietta Kiehn PhD","Сергеевич","Владимир","Щукина","vlad83@example.org","39107Hje-"
"Vinnie Schulist","Платон","Пахомов","Сергеевич","zlata.markov@example.org","Mzu_13567"
"Lamont Considine","Влад","Королёва","Евгеньевич","miroslav.udina@example.net","74658-yiB"
"Mr. Kenneth Schuster Jr.","Максимовна","Анна","Попова","cvoroncova@example.org","28514_dxW"
"Van Conroy","Евгеньевич","Витольд","Волков","anastasia07@example.net","37284xvD%"
"Carlos Dare","Валентина","Даниловаа","Андреевна","pakovleva@example.net","fs08396-P"
"Magnolia Emard MD","Владимировна","Софья","Фокина","margarita11@example.org","-Ffa37125"
"Sydnie Tremblay PhD","Давид","Аксёнов","Владимирович","lev.samsonova@example.net","94087Kqi_"
"Pat Veum Sr.","Вадим","Боброва","Александрович","odanilova@example.com","69870az_Y"
"Elissa Price","Феликс","Горбачёв","Иванович","gorskova.dan@example.com","92815%xrZ"
"Mustafa Jaskolski II","Зоя","Андрееваа","Ивановна","lsysoev@example.org","xd-M84530"
"Karson Gerlach","Антон","Смирнов","Евгеньевич","zsavin@example.net","36718_Awy"
"Fiona Moen PhD","Нонна","Рябова","Фёдоровна","kristina86@example.org","43069C_dc"
"Helga Legros","Георгий","Пономарёв","Борисович","jpolakov@example.com","-bt27691U"
"Danny Gulgowski Sr.","Дмитриевич","Леонид","Орехов","merkuseva.erik@example.com","81762A_ya"
"Isabella Jones DVM","Романовна","Ксения","Крюкова","blinova.iskra@example.com","K13594%em"
"Dr. Garland Sawayn MD","Валентина","Сидороваа","Андреевна","lada80@example.com","52730_Ghf"
"Edna Schuppe","Гордей","Копылова","Владимирович","kirillov.maria@example.net","T-zi18976"
"Thora Schimmel","Борисовна","Флорентина","Баранова","varvara71@example.com","ag40397O-"
"Wilfred Feil","Геннадий","Медведев","Владимирович","nestor00@example.com","E03628_py"
"Addie Tromp","Алексеевна","Ольга","Громова","egor64@example.org","35218glH-"
"Hilda Conn","Сергеевич","Виль","Сазонова","hdoronin@example.net","as_60185C"
"Ms. Edna Monahan","Сергеевна","Алёна","Сухановаа","dpopov@example.net","60529Btd_"
"Prof. Naomie Bednar V","Олеся","Борисоваа","Владимировна","bodincova@example.org","_13684Axe"
"Melisa Medhurst","Львович","Иосиф","Исаева","mamontov.ekaterina@example.com","U69310_bj"
"Dr. Sheila Schultz II","Львович","Арсений","Ефремов","vadim37@example.net","dx%91527V"
"Edwin Prosacco","Алексеевна","Алла","Горбуноваа","yvladimirov@example.org","C21068ds-"
"Vinnie Gutmann V","Ирина","Никифорова","Андреевна","pavel48@example.net","I74512ve_"
"Bailey Emard","Владимирович","Тимур","Жукова","dkrylov@example.net","sg40675K-"
"Rodger Ledner MD","Львовна","Лидия","Денисоваа","kuzma.masnikov@example.com","13064fiR%"
"Wayne Waelchi","Сергеевич","Александр","Коновалов","emelanova.radislav@example.org","%25160uqT"
"German Dicki","Сергеевна","Любовь","Пономарёваа","zevseev@example.com","_Rdz76351"
"Alexis VonRueden PhD","Макар","Исаев","Дмитриевич","efim81@example.org","05716Z_lo"
"Cale Flatley","Кузьма","Потапов","Александрович","sergeev.aroslava@example.org","-27589Rpo"
"Justine Hansen","Алексеевич","Глеб","Алексеев","kpanfilova@example.net","%ni53406T"
"Dr. Rashawn McClure Sr.","Марат","Кириллова","Фёдорович","aroslava81@example.net","S_52071zx"
"Ramon Wilderman","Андреевна","Светлана","Фокина","margarita83@example.com","74238goI_"
"Dr. Jamie Rau I","Борисовна","Валентина","Ермаковаа","emilia.bobylev@example.com","Maq05347-"
"Melba Barton","Галина","Ситникова","Борисовна","blohin.aleksandra@example.org","_nq67820S"
"Penelope Ernser","Яна","Баранова","Сергеевна","rada.panfilova@example.net","I%19827mn"
"Mr. Jacinto Klocko","Вероника","Воробьёва","Александровна","vil.panfilova@example.org","Ybg32495%"
"Mr. Isadore Macejkovic","Романович","Антонин","Моисеев","arsenij.gureva@example.org","xnR62578_"
"Dr. Jerry Lueilwitz","Алексеевна","Оксана","Ситникова","taisia77@example.net","-52718Qvb"
"Miss Emma Hane","Дмитриевич","Герман","Муравьёв","anisimova.alena@example.com","-rkA62013"
"Ian Hessel DDS","Савва","Одинцов","Львович","mironova.radislav@example.net","qo09342T%"
"Chanel Howe DDS","Фёдоровна","Федосья","Тарасова","orlova.zoa@example.org","65280%Qfy"
"Bradly Murazik DVM","Василий","Гришина","Львович","alihacev@example.net","fa78196M%"
"Tony Mayert","Влад","Ширяева","Иванович","marta62@example.com","09436-ueK"
"Lonzo Fadel","Фёдорович","Илларион","Данилов","fokina.regina@example.org","-08316Drk"
"Mr. Cleveland Frami IV","Владимирович","Афанасий","Матвеев","immanuil85@example.net","54320_Fxl"
"Mr. Maximo Schiller","Романович","Гавриил","Мамонтов","wsaskov@example.org","pg-27360N"
"Ocie Heaney","Злата","Владимирова","Фёдоровна","maria18@example.net","up96341_Z"
"Julianne Harris","Ефим","Антонов","Иванович","suvorov.vladislav@example.com","63491U%hr"
"Quincy Daugherty","Яков","Нестерова","Евгеньевич","abelozerov@example.com","Xeo89560_"
"Lenny Wisozk","Андреевич","Платон","Крюкова","eva88@example.net","-Y12583xy"
"Kasandra Emard","Клавдия","Никонова","Алексеевна","hmerkuseva@example.com","Maw04986_"
"Quinn Hauck","Флорентина","Пахомова","Ивановна","gerasimov.svetlana@example.org","ck_19254G"
"Prof. Etha Kassulke II","Даниил","Сергеева","Максимович","irogov@example.com","K-59372gv"
"Abbie Von","Вячеслав","Зыков","Сергеевич","filippov.valerian@example.net","36801-ubY"
"Mr. Tyree Kreiger","Макар","Михайлов","Сергеевич","vrozkova@example.com","U_16527mq"
"Mr. Tito Gerhold I","Адам","Никитин","Алексеевич","taras09@example.org","mw76184Q_"
"Penelope Kuhlman","Евгеньевна","Эмма","Бирюковаа","emma01@example.com","79213sgE-"
"Ricky Windler III","Евгеньевна","Алиса","Герасимова","kudrasov.klavdia@example.org","A30948-lz"
"Natalie Kling","Фёдоровна","Оксана","Самойлова","strelkova.anna@example.org","_08936daK"
"Dr. Destiney Eichmann Sr.","Милан","Авдеева","Романович","klementina.lihaceva@example.net","60419_Odu"
"Ms. Jaunita Towne","Анатолий","Ситников","Александрович","vladimirov.larisa@example.org","25670lo-U"
"Jodie Carroll","Таисия","Громоваа","Романовна","dkolesnikova@example.com","-07435dtE"
"Laurel Veum","Александрович","Спартак","Данилова","abramov.anna@example.com","-iwF89124"
"Prof. Hollie Bradtke PhD","Дмитриевич","Сава","Шаров","panfilova.margarita@example.com","_Kxf29107"
"Shakira Schamberger","Елизавета","Лихачёваа","Борисовна","zgusin@example.com","G%ji73951"
"Prof. Arch Leannon","Василиса","Морозова","Романовна","nikiforova.ulia@example.org","_V38621ym"
"Audra Mann","Дмитриевич","Филипп","Симонова","efremov.taisia@example.com","%Iao86029"
"Mr. Carol Mayer Sr.","Дмитриевна","Изольда","Зиновьеваа","vitold79@example.com","07539Spj%"
"Myrtice Mills","Альберт","Уваров","Андреевич","leonid65@example.org","kc47560%C"
"Casimer Hill","Дмитриевич","Данила","Журавлёв","galina.serbakov@example.net","Y%ec04963"
"Vanessa Mayert","Светлана","Козлова","Андреевна","radislav87@example.com","%fz51642T"
"Shayne Kunde","Артемий","Суворов","Владимирович","vsukin@example.com","sk24936_A"
"Mckenzie Tremblay II","Юлия","Логиноваа","Борисовна","dominika31@example.net","zf%43265X"
"Jeremy McClure","Дмитриевна","Валерия","Колесникова","isakova.gordej@example.org","nc15843_B"
"Chanelle O'Reilly","Владимирович","Борис","Шилова","trofim43@example.net","15304_svB"
"Dedrick Wehner","Борисовна","Полина","Лебедева","matvej.cernov@example.com","L32689lb_"
"Lindsay Shields","Ярослава","Кузнецова","Ивановна","vfedotova@example.com","-Smh40582"
"Mr. Howard Gleichner II","Андреевна","Яна","Стрелковаа","ignat.misin@example.com","68372Y-vs"
"Adela Mraz Jr.","Алина","Белоусова","Львовна","valerian85@example.com","M41378_dn"
"Mustafa Bradtke","Маргарита","Кошелева","Александровна","dnovikova@example.com","-fh91470Q"
"May Hodkiewicz","Фёдорович","Антонин","Ковалёва","cgavrilov@example.com","%E39407no"
"Mrs. Laurianne Kozey","Аполлон","Федотова","Сергеевич","taisia30@example.org","ag60135_O"
"Miles Kub","Максимовна","Ирина","Артемьеваа","sofia.siraeva@example.net","ps-V84956"
"Aliyah Stroman","Радислав","Доронина","Романович","iskra.ignatova@example.org","%Oeb70849"
"Prof. Keagan Mante","Эмма","Сухановаа","Борисовна","sestakov.makar@example.net","-my56132S"
"Miss Maureen Heidenreich MD","Александровна","Ярослава","Филатова","olesa32@example.net","Xrn85792-"
"Yvonne Weimann","Анастасия","Гусева","Владимировна","matvej51@example.com","%Dts60983"
"Israel Reinger","Алексеевич","Вячеслав","Алексеева","matvej.gavrilova@example.com","I56873_rm"
"Rodrigo Wisoky Sr.","Майя","Козловаа","Дмитриевна","cgorbunov@example.org","Cxa82417_"
"Dr. Keeley Mayert","Таисия","Рыбаковаа","Максимовна","marina.eliseeva@example.org","_23509Knr"
"Isabell O'Connell","Александровна","Клара","Журавлёва","faina23@example.net","bxR%69370"
"Dr. Alek Wolf","Александрович","Назар","Юдин","abram.kotov@example.com","-rpT52106"
"Ward Stark","Андреевна","Ульяна","Мясниковаа","rodion.lobanova@example.org","_Zjm89236"
"Mariana Barton","Матвей","Абрамова","Алексеевич","zsubina@example.net","op74285G%"
"Casandra Romaguera","Владислав","Калинина","Евгеньевич","gerasim.rogova@example.com","41926I-hb"
"Hilton Breitenberg","Анжелика","Захароваа","Дмитриевна","maksimova.gerasim@example.net","ldA%87249"
"Adeline McKenzie","Изольда","Щербакова","Владимировна","bkudravcev@example.org","lq-49627M"
"Kendrick Christiansen","Мальвина","Никонова","Андреевна","nazar82@example.org","qmV83079-"
"Prof. Nasir Legros III","Вероника","Коноваловаа","Ивановна","ruslan35@example.net","86927-Gmh"
"Miss Fiona Jaskolski MD","Сергеевич","Тимофей","Кудрявцев","terenteva.vladlena@example.com","24395bkO%"
"Ward Collier","Адриан","Блинова","Алексеевич","obaranov@example.com","-M36280iy"
"Sasha Emmerich","Роберт","Кудрявцев","Евгеньевич","nkudravcev@example.net","Wmw%10349"
"Llewellyn Weimann","Яна","Громова","Владимировна","moiseev.timofej@example.org","hbN_62419"
"Ora Barton","Александрович","Николай","Кулагин","elazarev@example.org","brF_83467"
"Dr. Joe Lubowitz","Кирилл","Андреев","Львович","uodincova@example.org","%ez09812F"
"Morgan Conn","Сергеевич","Анатолий","Селезнёв","elvira.efimov@example.com","I%92738dm"
"Ms. Myrna Luettgen","Максимовна","Лариса","Антонова","bespalov.miroslav@example.net","%Diz39648"
"Genevieve Bartell DVM","Антонина","Наумова","Борисовна","stepan70@example.org","Ngy%15324"
"Nikki Mayert","Злата","Михайловаа","Александровна","varvara71@example.org","-rf18645U"
"Chance Konopelski","Мальвина","Молчановаа","Борисовна","gennadij65@example.com","oi%U90238"
"Dr. Ross Beahan MD","Донат","Зайцев","Андреевич","malvina.akusev@example.net","Hix89105%"
"Zella Nikolaus","Владимирович","Савва","Прохоров","grigorij.grisina@example.com","Dib_81547"
"Mia Hessel IV","Рафаил","Алексеев","Иванович","trofim.kabanov@example.net","96042E-ax"
"Dora Cummings PhD","Евгеньевна","Ника","Ильина","snosov@example.org","Z_62908fn"
"Brain Wunsch","Павел","Соболев","Андреевич","iraklij15@example.com","_Mxn82137"
"Kirk Corwin Sr.","Романович","Герасим","Гуляева","feliks97@example.org","-90328ulU"
"Randall Rowe","Ивановна","Оксана","Лобановаа","knazev.nika@example.org","-whQ49370"
"Cecile Harris III","Сергеевна","Капитолина","Авдеева","ucernova@example.com","_mh72489N"
"Rahsaan Macejkovic","Борисовна","Люся","Сидорова","klementina86@example.net","Fxy92543_"
"Hiram Price","Владимировна","Валентина","Поповаа","nrogov@example.org","17549_Nns"
"Prof. Jo Cummings PhD","Иосиф","Антонов","Максимович","svatoslav.pavlov@example.net","27103gfL%"
"Prof. Tommie Padberg Jr.","Рафаил","Субботина","Романович","igureva@example.com","jy59861R-"
"Mr. Buford Leannon","Лада","Ермакова","Львовна","jzajceva@example.org","wcJ57031-"
"Erick Kris","Андреевна","Алла","Шарапова","wsysoev@example.org","bu-C41650"
"Margot Kerluke","Сергеевич","Лаврентий","Харитонов","davydov.ulian@example.org","%E96482ew"
"Wilson Murphy","Борисович","Альберт","Кузнецова","stepan.belousov@example.com","R%kw42819"
"Elliot King","Артём","Колесникова","Романович","akusev.bronislav@example.net","97824%Xmy"
"Skyla Hand","Иванович","Олег","Дементьева","subbotina.klavdia@example.com","M-43719iy"
"Myles Raynor Jr.","Борисовна","Инга","Рыбакова","maria18@example.org","S13970wz-"
"Kirsten Hill","Алина","Брагина","Львовна","usilov@example.org","kwR16204_"
"Dr. Gayle Prosacco","Василиса","Никитина","Владимировна","raisa97@example.com","edT94067_"
"Dr. Burdette Zboncak","Капитолина","Лихачёваа","Ивановна","akovlev.aroslava@example.org","R32891tl_"
"Dr. Damion Franecki DDS","Игнатий","Соколов","Андреевич","agafonov.zanna@example.net","%Umj17809"
"Aron Rau","Алексеевна","Зоя","Владимирова","zoa37@example.org","76908pk_L"
"Dr. Berniece Zulauf DVM","Владимировна","Татьяна","Филатова","filatov.nina@example.com","Hrs-69482"
"Kellen Hudson I","Максимовна","Кристина","Белоусова","valerij.bykov@example.com","-Zym91032"
"Christy Tromp","Львовна","Ева","Михееваа","efim27@example.org","Tzc_94176"
"Dexter Kshlerin","Борисович","Феликс","Соловьёв","inna.kirillov@example.org","17048bu_D"
"Freddie Schroeder MD","Фёдорович","Ираклий","Симонов","sbelov@example.org","ac-O49507"
"Ms. Kathryne Cartwright DDS","Ярослав","Журавлёв","Евгеньевич","emma.novikova@example.org","%fkT42803"
"Damian Runolfsdottir","Антонин","Лукина","Сергеевич","eliseev.erik@example.net","E_nd53298"
"Lilian Pouros","Георгий","Жуков","Романович","albina26@example.org","nl%25174P"
"Ulises Crooks","Фёдор","Орехов","Иванович","anastasia.ersova@example.net","82194%aoU"
"Danny Hand Sr.","Максимович","Алексей","Козлов","alla31@example.com","H49103pt-"
"Furman Dach","Александрович","Андрей","Третьяков","svetlana29@example.org","ka_53641K"
"Mr. Zachary Erdman","Романович","Пётр","Поляков","timur.smirnova@example.net","km07935K%"
"Christopher Bogisich","Юрий","Субботина","Романович","todincova@example.com","gcX_96480"
"Brady Wilderman","Алина","Русакова","Фёдоровна","izolda03@example.com","-J75983cd"
"Jaylin Goodwin","Львович","Богдан","Козлов","kristina73@example.com","we%T68713"
"Mr. Jessy Pouros","Александра","Фокинаа","Ивановна","uorlov@example.org","87092-wiK"
"Shayna Towne","Максимовна","Алла","Вишнякова","vasilisa.danilova@example.org","51093L-uv"
"Ladarius Pacocha Sr.","Антон","Осипова","Фёдорович","komissarov.marat@example.net","71654_Php"
"Clinton Abshire","Алексеевна","Раиса","Панфилова","ksenia.nikiforova@example.com","R69738-at"
"Davon Harvey","Кристина","Костина","Александровна","fdoronin@example.com","71862G%co"
"Dr. Lizeth Hermiston","Иммануил","Королёв","Алексеевич","krasilnikov.alla@example.net","-76082Eec"
"Marjolaine Terry","Диана","Карпова","Борисовна","belousova.ruslan@example.com","Cby-04816"
"Colby Lockman","Арсений","Калинин","Максимович","lytkin.arsenij@example.com","_59278ezB"
