"Ms. Jaunita Towne",Анатолий,Ситников,Александрович,vladimirov.larisa@example.org,25670lo-U
"Jodie Carroll",Таисия,Громоваа,Романовна,dkolesnikova@example.com,-07435dtE
"Laurel Veum",Александрович,Спартак,Данилова,abramov.anna@example.com,-iwF89124
"Shakira Schamberger",Елизавета,Лихачёваа,Борисовна,zgusin@example.com,G%ji73951
"Audra Mann",Дмитриевич,Филипп,Симонова,efremov.taisia@example.com,%Iao86029
"Mr. Carol Mayer Sr.",Дмитриевна,Изольда,Зиновьеваа,vitold79@example.com,07539Spj%
"Myrtice Mills",Альберт,Уваров,Андреевич,leonid65@example.org,kc47560%C
"Casimer Hill",Дмитриевич,Данила,Журавлёв,galina.serbakov@example.net,Y%ec04963
"Vanessa Mayert",Светлана,Козлова,Андреевна,radislav87@example.com,%fz51642T
"Mckenzie Tremblay II",Юлия,Логиноваа,Борисовна,dominika31@example.net,zf%43265X
"Lindsay Shields",Ярослава,Кузнецова,Ивановна,vfedotova@example.com,-Smh40582
"Mr. Howard Gleichner II",Андреевна,Яна,Стрелковаа,ignat.misin@example.com,68372Y-vs
"Mustafa Bradtke",Маргарита,Кошелева,Александровна,dnovikova@example.com,-fh91470Q
"May Hodkiewicz",Фёдорович,Антонин,Ковалёва,cgavrilov@example.com,%E39407no
"Miles Kub",Максимовна,Ирина,Артемьеваа,sofia.siraeva@example.net,ps-V84956
"Aliyah Stroman",Радислав,Доронина,Романович,iskra.ignatova@example.org,%Oeb70849
"Prof. Keagan Mante",Эмма,Сухановаа,Борисовна,sestakov.makar@example.net,-my56132S
"Miss Maureen Heidenreich MD",Александровна,Ярослава,Филатова,olesa32@example.net,Xrn85792-
"Yvonne Weimann",Анастасия,Гусева,Владимировна,matvej51@example.com,%Dts60983
"Isabell O'Connell",Александровна,Клара,Журавлёва,faina23@example.net,bxR%69370
"Dr. Alek Wolf",Александрович,Назар,Юдин,abram.kotov@example.com,-rpT52106
"Mariana Barton",Матвей,Абрамова,Алексеевич,zsubina@example.net,op74285G%
"Casandra Romaguera",Владислав,Калинина,Евгеньевич,gerasim.rogova@example.com,41926I-hb
"Hilton Breitenberg",Анжелика,Захароваа,Дмитриевна,maksimova.gerasim@example.net,ldA%87249
"Adeline McKenzie",Изольда,Щербакова,Владимировна,bkudravcev@example.org,lq-49627M
"Kendrick Christiansen",Мальвина,Никонова,Андреевна,nazar82@example.org,qmV83079-
"Prof. Nasir Legros III",Вероника,Коноваловаа,Ивановна,ruslan35@example.net,86927-Gmh
"Miss Fiona Jaskolski MD",Сергеевич,Тимофей,Кудрявцев,terenteva.vladlena@example.com,24395bkO%
"Ward Collier",Адриан,Блинова,Алексеевич,obaranov@example.com,-M36280iy
"Sasha Emmerich",Роберт,Кудрявцев,Евгеньевич,nkudravcev@example.net,Wmw%10349
"Dr. Joe Lubowitz",Кирилл,Андреев,Львович,uodincova@example.org,%ez09812F
"Morgan Conn",Сергеевич,Анатолий,Селезнёв,elvira.efimov@example.com,I%92738dm
"Ms. Myrna Luettgen",Максимовна,Лариса,Антонова,bespalov.miroslav@example.net,%Diz39648
"Genevieve Bartell DVM",Антонина,Наумова,Борисовна,stepan70@example.org,Ngy%15324
"Nikki Mayert",Злата,Михайловаа,Александровна,varvara71@example.org,-rf18645U
"Chance Konopelski",Мальвина,Молчановаа,Борисовна,gennadij65@example.com,oi%U90238
"Dr. Ross Beahan MD",Донат,Зайцев,Андреевич,malvina.akusev@example.net,Hix89105%
"Mia Hessel IV",Рафаил,Алексеев,Иванович,trofim.kabanov@example.net,96042E-ax
"Kirk Corwin Sr.",Романович,Герасим,Гуляева,feliks97@example.org,-90328ulU
"Randall Rowe",Ивановна,Оксана,Лобановаа,knazev.nika@example.org,-whQ49370
"Prof. Jo Cummings PhD",Иосиф,Антонов,Максимович,svatoslav.pavlov@example.net,27103gfL%
"Prof. Tommie Padberg Jr.",Рафаил,Субботина,Романович,igureva@example.com,jy59861R-
"Mr. Buford Leannon",Лада,Ермакова,Львовна,jzajceva@example.org,wcJ57031-
"Erick Kris",Андреевна,Алла,Шарапова,wsysoev@example.org,bu-C41650
"Margot Kerluke",Сергеевич,Лаврентий,Харитонов,davydov.ulian@example.org,%E96482ew
"Wilson Murphy",Борисович,Альберт,Кузнецова,stepan.belousov@example.com,R%kw42819
"Elliot King",Артём,Колесникова,Романович,akusev.bronislav@example.net,97824%Xmy
"Skyla Hand",Иванович,Олег,Дементьева,subbotina.klavdia@example.com,M-43719iy
"Myles Raynor Jr.",Борисовна,Инга,Рыбакова,maria18@example.org,S13970wz-
"Dr. Damion Franecki DDS",Игнатий,Соколов,Андреевич,agafonov.zanna@example.net,%Umj17809
"Dr. Berniece Zulauf DVM",Владимировна,Татьяна,Филатова,filatov.nina@example.com,Hrs-69482
"Kellen Hudson I",Максимовна,Кристина,Белоусова,valerij.bykov@example.com,-Zym91032
"Freddie Schroeder MD",Фёдорович,Ираклий,Симонов,sbelov@example.org,ac-O49507
"Ms. Kathryne Cartwright DDS",Ярослав,Журавлёв,Евгеньевич,emma.novikova@example.org,%fkT42803
"Lilian Pouros",Георгий,Жуков,Романович,albina26@example.org,nl%25174P
"Ulises Crooks",Фёдор,Орехов,Иванович,anastasia.ersova@example.net,82194%aoU
"Danny Hand Sr.",Максимович,Алексей,Козлов,alla31@example.com,H49103pt-
"Mr. Zachary Erdman",Романович,Пётр,Поляков,timur.smirnova@example.net,km07935K%
"Brady Wilderman",Алина,Русакова,Фёдоровна,izolda03@example.com,-J75983cd
"Jaylin Goodwin",Львович,Богдан,Козлов,kristina73@example.com,we%T68713
"Mr. Jessy Pouros",Александра,Фокинаа,Ивановна,uorlov@example.org,87092-wiK
"Shayna Towne",Максимовна,Алла,Вишнякова,vasilisa.danilova@example.org,51093L-uv
"Clinton Abshire",Алексеевна,Раиса,Панфилова,ksenia.nikiforova@example.com,R69738-at
"Davon Harvey",Кристина,Костина,Александровна,fdoronin@example.com,71862G%co
"Dr. Lizeth Hermiston",Иммануил,Королёв,Алексеевич,krasilnikov.alla@example.net,-76082Eec
"Marjolaine Terry",Диана,Карпова,Борисовна,belousova.ruslan@example.com,Cby-04816
