"Natalie Kling","Фёдоровна","Оксана","СамойловаСамойловаСамойлова","strelkova.anna@example.org","_08936daK"
"Dr. Destiney Eichmann Sr.","Милан","Авдеева","Романович","klementina.lihaceva@example.net","60419_Odu"
"Ms. Jaunita Towne","Анатолий","Ситников","Александрович","vladimirov.larisa@example.org","25670lo-U"
"Jodie Carroll","Таисия","Громоваа","Романовна","dkolesnikova@example.com","-07435dtE"
"Laurel Veum","Александрович","Спартак","Данилова","abramov.anna@example.com","-iwF89124"
"Prof. Hollie Bradtke PhD","Дмитриевич","Сава","Шаров","panfilova.margarita@example.com","_Kxf29107"
"Shakira Schamberger","Елизавета","Лихачёваа","Борисовна","zgusin@example.com","G%ji73951"
"Prof. Arch Leannon","Василиса","Морозова","Романовна","nikiforova.ulia@example.org","_V38621ym"
"Audra Mann","Дмитриевич","Филипп","Симонова","efremov.taisia@example.com","%Iao86029"
"Mr. Carol Mayer Sr.","Дмитриевна","Изольда","Зиновьеваа","vitold79@example.com","07539Spj%"
"Myrtice Mills","Альберт","Уваров","Андреевич","leonid65@example.org","kc47560%C"
"Casimer Hill","Дмитриевич","Данила","Журавлёв","galina.serbakov@example.net","Y%ec04963"
"Vanessa Mayert","Светлана","Козлова","Андреевна","radislav87@example.com","%fz51642T"
"Shayne Kunde","Артемий","Суворов","Владимирович","vsukin@example.com","sk24936_A"
"Mckenzie Tremblay II","Юлия","Логиноваа","Борисовна","dominika31@example.net","zf%43265X"
"Jeremy McClure","Дмитриевна","Валерия","Колесникова","isakova.gordej@example.org","nc15843_B"
"Chanelle O'Reilly","Владимирович","Борис","Шилова","trofim43@example.net","15304_svB"
"Dedrick Wehner","Борисовна","Полина","Лебедева","matvej.cernov@example.com","L32689lb_"
"Lindsay Shields","Ярослава","Кузнецова","Ивановна","vfedotova@example.com","-Smh40582"
"Mr. Howard Gleichner II","Андреевна","Яна","Стрелковаа","ignat.misin@example.com","68372Y-vs"
"Adela Mraz Jr.","Алина","Белоусова","Львовна","valerian85@example.com","M41378_dn"
"Mustafa Bradtke","Маргарита","Кошелева","Александровна","dnovikova@example.com","-fh91470Q"
"May Hodkiewicz","Фёдорович","Антонин","Ковалёва","cgavrilov@example.com","%E39407no"
"Mrs. Laurianne Kozey","Аполлон","Федотова","Сергеевич","taisia30@example.org","ag60135_O"
"Miles Kub","Максимовна","Ирина","Артемьеваа","sofia.siraeva@example.net","ps-V84956"
"Aliyah Stroman","Радислав","Доронина","Романович","iskra.ignatova@example.org","%Oeb70849"
"Prof. Keagan Mante","Эмма","Сухановаа","Борисовна","sestakov.makar@example.net","-my56132S"
"Miss Maureen Heidenreich MD","Александровна","Ярослава","Филатова","olesa32@example.net","Xrn85792-"
"Yvonne Weimann","Анастасия","Гусева","Владимировна","matvej51@example.com","%Dts60983"
"Israel Reinger","Алексеевич","Вячеслав","Алексеева","matvej.gavrilova@example.com","I56873_rm"
"Rodrigo Wisoky Sr.","Майя","Козловаа","Дмитриевна","cgorbunov@example.org","Cxa82417_"
"Dr. Keeley Mayert","Таисия","Рыбаковаа","Максимовна","marina.eliseeva@example.org","_23509Knr"
"Isabell O'Connell","Александровна","Клара","Журавлёва","faina23@example.net","bxR%69370"
"Dr. Alek Wolf","Александрович","Назар","Юдин","abram.kotov@example.com","-rpT52106"
"Ward Stark","Андреевна","Ульяна","Мясниковаа","rodion.lobanova@example.org","_Zjm89236"
"Mariana Barton","Матвей","Абрамова","Алексеевич","zsubina@example.net","op74285G%"
"Casandra Romaguera","Владислав","Калинина","Евгеньевич","gerasim.rogova@example.com","41926I-hb"
"Hilton Breitenberg","Анжелика","Захароваа","Дмитриевна","maksimova.gerasim@example.net","ldA%87249"
"Adeline McKenzie","Изольда","Щербакова","Владимировна","bkudravcev@example.org","lq-49627M"
"Kendrick Christiansen","Мальвина","Никонова","Андреевна","nazar82@example.org","qmV83079-"
"Prof. Nasir Legros III","Вероника","Коноваловаа","Ивановна","ruslan35@example.net","86927-Gmh"
"Miss Fiona Jaskolski MD","Сергеевич","Тимофей","Кудрявцев","terenteva.vladlena@example.com","24395bkO%"
"Ward Collier","Адриан","Блинова","Алексеевич","obaranov@example.com","-M36280iy"
"Sasha Emmerich","Роберт","Кудрявцев","Евгеньевич","nkudravcev@example.net","Wmw%10349"
"Llewellyn Weimann","Яна","Громова","Владимировна","moiseev.timofej@example.org","hbN_62419"
"Ora Barton","Александрович","Николай","Кулагин","elazarev@example.org","brF_83467"
"Dr. Joe Lubowitz","Кирилл","Андреев","Львович","uodincova@example.org","%ez09812F"
"Morgan Conn","Сергеевич","Анатолий","Селезнёв","elvira.efimov@example.com","I%92738dm"
"Ms. Myrna Luettgen","Максимовна","Лариса","Антонова","bespalov.miroslav@example.net","%Diz39648"
"Genevieve Bartell DVM","Антонина","Наумова","Борисовна","stepan70@example.org","Ngy%15324"
"Nikki Mayert","Злата","Михайловаа","Александровна","varvara71@example.org","-rf18645U"
"Chance Konopelski","Мальвина","Молчановаа","Борисовна","gennadij65@example.com","oi%U90238"
"Dr. Ross Beahan MD","Донат","Зайцев","Андреевич","malvina.akusev@example.net","Hix89105%"
"Zella Nikolaus","Владимирович","Савва","Прохоров","grigorij.grisina@example.com","Dib_81547"
"Mia Hessel IV","Рафаил","Алексеев","Иванович","trofim.kabanov@example.net","96042E-ax"
"Dora Cummings PhD","Евгеньевна","Ника","Ильина","snosov@example.org","Z_62908fn"
"Brain Wunsch","Павел","Соболев","Андреевич","iraklij15@example.com","_Mxn82137"
"Kirk Corwin Sr.","Романович","Герасим","Гуляева","feliks97@example.org","-90328ulU"
"Randall Rowe","Ивановна","Оксана","Лобановаа","knazev.nika@example.org","-whQ49370"
"Cecile Harris III","Сергеевна","Капитолина","Авдеева","ucernova@example.com","_mh72489N"
"Rahsaan Macejkovic","Борисовна","Люся","Сидорова","klementina86@example.net","Fxy92543_"
"Hiram Price","Владимировна","Валентина","Поповаа","nrogov@example.org","17549_Nns"
"Prof. Jo Cummings PhD","Иосиф","Антонов","Максимович","svatoslav.pavlov@example.net","27103gfL%"
"Prof. Tommie Padberg Jr.","Рафаил","Субботина","Романович","igureva@example.com","jy59861R-"
"Mr. Buford Leannon","Лада","Ермакова","Львовна","jzajceva@example.org","wcJ57031-"
"Erick Kris","Андреевна","Алла","Шарапова","wsysoev@example.org","bu-C41650"
"Margot Kerluke","Сергеевич","Лаврентий","Харитонов","davydov.ulian@example.org","%E96482ew"
"Wilson Murphy","Борисович","Альберт","Кузнецова","stepan.belousov@example.com","R%kw42819"
"Elliot King","Артём","Колесникова","Романович","akusev.bronislav@example.net","97824%Xmy"
"Skyla Hand","Иванович","Олег","Дементьева","subbotina.klavdia@example.com","M-43719iy"
"Myles Raynor Jr.","Борисовна","Инга","Рыбакова","maria18@example.org","S13970wz-"
"Kirsten Hill","Алина","Брагина","Львовна","usilov@example.org","kwR16204_"
"Dr. Gayle Prosacco","Василиса","Никитина","Владимировна","raisa97@example.com","edT94067_"
"Dr. Burdette Zboncak","Капитолина","Лихачёваа","Ивановна","akovlev.aroslava@example.org","R32891tl_"
"Dr. Damion Franecki DDS","Игнатий","Соколов","Андреевич","agafonov.zanna@example.net","%Umj17809"
"Aron Rau","Алексеевна","Зоя","Владимирова","zoa37@example.org","76908pk_L"
"Dr. Berniece Zulauf DVM","Владимировна","Татьяна","Филатова","filatov.nina@example.com","Hrs-69482"
"Kellen Hudson I","Максимовна","Кристина","Белоусова","valerij.bykov@example.com","-Zym91032"
"Christy Tromp","Львовна","Ева","Михееваа","efim27@example.org","Tzc_94176"
"Dexter Kshlerin","Борисович","Феликс","Соловьёв","inna.kirillov@example.org","17048bu_D"
"Freddie Schroeder MD","Фёдорович","Ираклий","Симонов","sbelov@example.org","ac-O49507"
"Ms. Kathryne Cartwright DDS","Ярослав","Журавлёв","Евгеньевич","emma.novikova@example.org","%fkT42803"
"Damian Runolfsdottir","Антонин","Лукина","Сергеевич","eliseev.erik@example.net","E_nd53298"
"Lilian Pouros","Георгий","Жуков","Романович","albina26@example.org","nl%25174P"
"Ulises Crooks","Фёдор","Орехов","Иванович","anastasia.ersova@example.net","82194%aoU"
"Danny Hand Sr.","Максимович","Алексей","Козлов","alla31@example.com","H49103pt-"
"Furman Dach","Александрович","Андрей","Третьяков","svetlana29@example.org","ka_53641K"
"Mr. Zachary Erdman","Романович","Пётр","Поляков","timur.smirnova@example.net","km07935K%"
"Christopher Bogisich","Юрий","Субботина","Романович","todincova@example.com","gcX_96480"
"Brady Wilderman","Алина","Русакова","Фёдоровна","izolda03@example.com","-J75983cd"
"Jaylin Goodwin","Львович","Богдан","Козлов","kristina73@example.com","we%T68713"
"Mr. Jessy Pouros","Александра","Фокинаа","Ивановна","uorlov@example.org","87092-wiK"
"Shayna Towne","Максимовна","Алла","Вишнякова","vasilisa.danilova@example.org","51093L-uv"
"Ladarius Pacocha Sr.","Антон","Осипова","Фёдорович","komissarov.marat@example.net","71654_Php"
"Clinton Abshire","Алексеевна","Раиса","Панфилова","ksenia.nikiforova@example.com","R69738-at"
"Davon Harvey","Кристина","Костина","Александровна","fdoronin@example.com","71862G%co"
"Dr. Lizeth Hermiston","Иммануил","Королёв","Алексеевич","krasilnikov.alla@example.net","-76082Eec"
"Marjolaine Terry","Диана","Карпова","Борисовна","belousova.ruslan@example.com","Cby-04816"
"Colby Lockman","Арсений","Калинин","Максимович","lytkin.arsenij@example.com","_59278ezB"
"Gracie O'Conner","Игнат","Щукин","Львович","milan15@example.org","%wb92634A"
"Mrs. Cathrine Kutch I","Виктория","Журавлёва","Сергеевна","prohor52@example.org","74206qn-V"
"Josianne Turner","Людмила","Попова","Андреевна","afanasij.belova@example.net","yh81536I-"
"Yesenia Kuhn V","Дмитриевич","Виль","Блинова","maja.sukina@example.net","%93580ktY"
"Ms. Peggie Sawayn","Капитолина","Горшкова","Андреевна","klara.bobrov@example.org","Qbu78902%"
"Yvette Schuster","Евгеньевич","Роман","Брагина","nadezda13@example.net","52031Pmy-"
"Mrs. April Conroy","Алексей","Кудряшов","Львович","malvina56@example.com","Eyh-40189"
"Prof. Armand Hartmann","Фёдор","Богданов","Сергеевич","nika.serbakova@example.net","F80529fr-"
"Allan Stracke","Рада","Титова","Львовна","gavrilov.german@example.org","C49325hf_"
"Mrs. River Abernathy","Эмилия","Егороваа","Александровна","wfedorov@example.com","_M03576vq"
"Kristopher Ernser","Фёдорович","Леонид","Устинова","eemelanova@example.net","%bxQ50742"
"Andrew Cronin Sr.","Доминика","Котоваа","Максимовна","olga.frolova@example.net","45830_Saw"
"Queen Fritsch","Борисовна","Клементина","Филатоваа","mark72@example.net","xv16329_L"
"Oswaldo McGlynn","Клавдия","Лукинаа","Борисовна","lilia92@example.com","%xj71395F"
"Tomasa Emmerich","Алексеевна","Альбина","Кузьминаа","immanuil.kopylov@example.net","_O32561on"
"Stuart VonRueden","Софья","Киселёва","Ивановна","cakovlev@example.org","_T07892ia"
"Nathanial Gaylord","Фаина","Николаеваа","Фёдоровна","tbolsakova@example.com","-36458twW"
"Brooks Ortiz","Милан","Жданова","Романович","ydrozdova@example.com","K83712sq_"
"Albina Kertzmann","Никодим","Егорова","Львович","iovcinnikova@example.net","%A40398nh"
"Thurman Gleichner","Александра","Меркушева","Ивановна","turov.vitalij@example.com","X31472cx-"
"Zion Ullrich","Раиса","Никифороваа","Романовна","fedoseev.dobryna@example.org","59186%Vxg"
"Hallie Kohler","Ивановна","Жанна","Авдееваа","hsitnikov@example.com","35402%Qhn"
"Allan Runte","Ульяна","Рябоваа","Владимировна","lveselova@example.com","vzS03867-"
"Rene Cole V","Владимирович","Леонид","Михеева","renata47@example.com","Yen89245-"
"Eudora Beer","Игнатий","Лебедев","Андреевич","esarov@example.net","V30146on_"
"Dr. Major Abshire","Алексеевна","Клавдия","Ковалёваа","ysubina@example.net","75490G%de"
"Fernando Jenkins","Сергеевна","Виктория","Селиверстоваа","sarov.nonna@example.com","-97563jcM"
"Salvador Baumbach","Милан","Михеева","Борисович","wbaranova@example.com","95138%Eso"
"Bernardo Grimes","Ивановна","Таисия","Лапина","nkazakov@example.net","M%28037ts"
"Rocio Jerde","Давид","Князев","Алексеевич","emilia.borisova@example.com","53074-Mid"
"Mr. Deshawn Barton","София","Кулаковаа","Дмитриевна","krasilnikov.valerij@example.com","%69745Dqg"
"Prof. Cleve Lockman Sr.","Алексеевна","Фаина","Антоноваа","valentina05@example.org","34579Xbu_"
"Prof. Molly Larson","Максимович","Марк","Попова","stefan48@example.org","_Jkn90582"
"Lorine Doyle V","Борисовна","Маргарита","Увароваа","adam.kopylova@example.net","tw%V25416"
"Heloise Weber IV","Владислав","Жукова","Александрович","alina.muhina@example.com","%47901ouP"
"Davonte Cummings II","Максимович","Дмитрий","Гусева","fdmitriev@example.com","56237cwO-"
"Kolby Willms","Сергеевич","Владлен","Чернов","aseliverstov@example.org","_Dhw45392"
"Isidro Fay","Максимович","Илларион","Кабанов","denis54@example.org","or%U49621"
"Joanie Towne","Владимировна","Доминика","Фомичёва","lapin.ekaterina@example.net","03895bi%N"
"Dr. Calista King","Рафаил","Миронова","Андреевич","valerij32@example.net","Qrg80276_"
"Mossie Mertz","Трофим","Воронцов","Романович","akov.samojlova@example.net","Epm90165-"
"Kailyn Toy","Константин","Воронцов","Фёдорович","anzelika28@example.com","A-43720pa"
"Mckayla Rutherford","Виталий","Терентьев","Сергеевич","rada.silova@example.com","O%37290zj"
"Colt Erdman","Маргарита","Евсееваа","Борисовна","ekolesnikov@example.org","16537N_yc"
"Prof. Deondre Botsford","Сергеевич","Клим","Суханов","aleksandra37@example.org","%Ydx16429"
"Kaya Cassin DVM","Константин","Горшков","Евгеньевич","odincov.eva@example.org","jt_C91456"
"Jazmin Ortiz","Андреевна","Ярослава","Евдокимоваа","makar.grigorev@example.com","96025%kvL"
"Jackeline Friesen DDS","Дмитриевич","Геннадий","Крылов","renata.saskova@example.com","uh87034X%"
"Nona Osinski","Львович","Артём","Герасимов","anton89@example.org","leO-36950"
"Reggie Medhurst","Витольд","Копылова","Сергеевич","maria51@example.org","_80613ibZ"
"Jaida Lehner","Трофим","Сазонова","Фёдорович","knazev.bronislav@example.com","Olm56832%"
"Prof. Jakob Hettinger","Инга","Богдановаа","Сергеевна","ablinova@example.net","qe-G92815"
"Fausto Bechtelar","Романович","Абрам","Андреев","tkonovalova@example.com","E-ob75426"
"Erwin Strosin DDS","Ивановна","Изольда","Рыбаковаа","kkulagina@example.com","N18067_uy"
"Hershel Gulgowski II","Василий","Щукин","Иванович","cisakov@example.org","M74213_uv"
"Alexandrine Abshire","Алина","Евсееваа","Андреевна","umasnikov@example.com","qvW86291-"
"Jack West","Романовна","Галина","Большакова","zlata06@example.com","Umx%67421"
"Keshawn Bode III","Роман","Котов","Евгеньевич","anton.gorskov@example.org","hf73129_K"
"Willis Kuhlman","Борисович","Валерий","Борисова","fedor.moiseeva@example.org","96013Drw_"
"Ms. Virginia Kautzer","Евгеньевич","Владимир","Зиновьева","krukova.ekaterina@example.org","P%na17302"
"Emanuel Crooks","Максимовна","Инга","Зиновьева","vitold.zajceva@example.com","bt%Z38954"
"Ms. Cara Lubowitz","Иванович","Лев","Громова","tkolobova@example.net","enZ_93504"
"Walker Effertz","Владимировна","Клавдия","Силина","ybelaev@example.org","ha-T70946"
"Devan Mosciski","Максимовна","Ольга","Тетерина","timur61@example.com","-N65479ea"
"Prof. Rozella Greenfelder DVM","Алексеевич","Герасим","Лобанов","sarapov.klim@example.org","R53186%rx"
"Marlon Kerluke MD","Иннокентий","Гришина","Алексеевич","vlad.artemev@example.com","_lrO43169"
"Macie Donnelly","Сергеевич","Арсений","Кудрявцев","ekaterina22@example.org","ypA41356-"
"Mrs. Sonya Jerde","Вениамин","Попова","Алексеевич","trofimov.grigorij@example.net","M01346xl-"
"Aurore Rau","Ивановна","Регина","Сидорова","raisa72@example.net","45081bl_H"
"Miss Kylee Bahringer","Милан","Колобова","Иванович","shohlova@example.net","-oiP84061"
"Dr. Raleigh Grant","Андреевич","Никодим","Турова","stihonov@example.com","gvT_23940"
"Sam Feest","Надежда","Лукина","Романовна","belakov.vitalij@example.org","%ox67412M"
"Darian Kunze","Ника","Шилова","Алексеевна","hsilova@example.net","%P47315te"
"Jerome Schamberger","Илья","Гуляева","Алексеевич","vera.muhina@example.org","50128%Aqh"
"Eriberto O'Kon","Александрович","Радислав","Самсонова","elena.akovleva@example.net","%Nuc80397"
"Ms. Margarette Stanton","Владимирович","Лаврентий","Блинова","suhanova.veronika@example.org","D_tb24319"
"Adelia Bode III","Виктор","Журавлёва","Дмитриевич","fedor.simonov@example.net","92360yr%Z"
"Kyra Sporer","Жанна","Рожкова","Сергеевна","klavdia91@example.net","16348Ruf-"
"Alysa Miller","Никодим","Денисова","Дмитриевич","kulagina.inna@example.com","-07825qmM"
"Jade Mann","Андреевна","Клара","Гаврилова","fedotova.lusa@example.net","ty_40657D"
"Electa Purdy","Дмитриевич","Юлиан","Лукин","valerij86@example.org","%xc17936Y"
"Florian Lakin","Сергеевна","Рената","Петрова","alla69@example.com","57481Jqz%"
"Alessandro McClure","Борисовна","Клементина","Галкина","maja23@example.net","24185_Ygu"
"Eusebio Ullrich","Алексеевна","Любовь","Жуковаа","nadezda29@example.net","ybY-48751"
"Terrence Steuber V","Владимир","Дьячкова","Дмитриевич","ivanov.aroslava@example.net","uxJ53841%"
"Rudy Ruecker","Ананий","Козлова","Алексеевич","ignat.andreev@example.org","il_K06324"
"Montana Frami","Евгеньевна","Екатерина","Носкова","wfedoseeva@example.org","R_ic62743"
"Dr. Rod Frami MD","Ивановна","Инга","Селезнёва","valerij.kabanova@example.org","L76032qk%"
"Dr. Brenna Thiel","Валерия","Фокинаа","Львовна","vasileva.german@example.org","Emt78635-"
"Letitia Brown","Иннокентий","Туров","Максимович","denis.osipov@example.org","oy-83579W"
"Annamae Sawayn IV","Марина","Белоусова","Максимовна","renata.burov@example.org","79280R%za"
"Rick Fahey","Юлий","Комиссарова","Львович","valeria.simonov@example.com","K%36571rt"
"Aditya O'Conner","Григорий","Субботин","Иванович","zlata.komissarov@example.com","Ncv61495-"
"Deborah Mohr","Кристина","Копылова","Романовна","semen93@example.com","U62794_jg"
"Prof. Alanna Crist","Евгеньевна","Инга","Наумоваа","margarita32@example.net","-69851Brj"
"Johnathon Heaney","Александрович","Давид","Сафонова","denis.abramova@example.org","mbS45736%"
"Mrs. Pasquale Nienow Sr.","Данила","Исаков","Владимирович","nazar30@example.org","95437-niZ"
"Zoie Gleichner","Александровна","Лада","Кудряшова","uvarov.immanuil@example.org","L_lj76129"
"Kirstin Wuckert","Александрович","Руслан","Сафонова","xmolcanova@example.com","16053%cyJ"
"Betty Frami Jr.","Гордей","Юдин","Александрович","odrozdov@example.com","tn%F34965"
"Yvette Simonis","Василий","Некрасов","Александрович","kuzma89@example.org","%rh78239W"
"Prof. Winston Rempel III","Дарья","Комиссарова","Сергеевна","nadezda77@example.com","he85906%Z"
"Dr. Danny Beahan","Леонид","Жукова","Романович","rada90@example.net","%li52801D"
"Jakayla Morissette","Фёдоровна","Людмила","Рыбакова","fzukova@example.com","75261Tel%"
"Tatyana Jenkins","Сергеевич","Роман","Колобова","kornilova.anna@example.org","gz-76829L"
"Ignacio Kassulke","Матвей","Сафонова","Романович","slebedeva@example.net","F74256%wl"
"Mrs. Emelie Cremin II","Алексеевич","Данила","Павлов","visnakov.tamara@example.org","-sr40235V"
"Mr. Kurtis Bradtke III","Стефан","Котова","Романович","klara31@example.org","jv_94705B"
"Dr. Duane Homenick","Львовна","Алина","Пахомоваа","grigorij75@example.net","-wlZ78962"
"Ashlee Gutkowski","Александрович","Артемий","Мухин","mterenteva@example.org","fsI21356-"
"Dr. Eunice Hettinger","Максимовна","Ирина","Родионова","zinaida.gavrilov@example.com","Njy_82017"
"Dr. Marty Rath Jr.","Андреевна","Алина","Сувороваа","rada95@example.net","P64985-az"
"Collin Brown","Вениамин","Некрасов","Дмитриевич","vil.lytkina@example.com","V64312no%"
"Breanna Harris","Клара","Ермакова","Максимовна","vevdokimov@example.org","zq61284_N"
"Marianna Jakubowski Jr.","Валентин","Белова","Евгеньевич","larisa.filippov@example.com","puQ41637-"
"Georgianna Schaden Sr.","Фёдоровна","Эмилия","Шестакова","bobrov.veronika@example.com","L-yw18653"
"Prof. Krystel Miller II","Алёна","Алексеева","Сергеевна","lsavelev@example.com","93028R_to"
"Prof. Florian Reichert","Милан","Горбунов","Александрович","bronislav.serbakov@example.org","Aaz-51820"
"Toy Toy","Владимирович","Никодим","Капустина","ikonovalov@example.com","%71962tbX"
"Dr. Emely Morar DDS","Владлена","Виноградова","Евгеньевна","diana.lukina@example.net","mt90375Q-"
"Mavis Pagac","Нонна","Щербакова","Ивановна","klavdia85@example.net","nt%36509I"
"Isabell Feil","Милан","Рогова","Фёдорович","evdokimov.radislav@example.com","57642%Dvk"
"Ella Sipes","Александровна","Евгения","Новиковаа","danila73@example.com","25168H-cv"
"Prof. Paul Goldner","Борисович","Кузьма","Потапова","mihail.maslova@example.net","91387Axd_"
"Eliane Dicki I","Ирина","Блохинаа","Романовна","antonina63@example.org","49732zp%M"
"Isom Lang","Яков","Рожков","Александрович","siraev.garri@example.com","I38072xh_"
"Prof. Keshawn O'Kon","Иванович","Глеб","Гуляева","komissarova.donat@example.net","%68034iaR"
"Dr. Domingo Cremin","Инна","Трофимоваа","Максимовна","ailina@example.com","C-er94317"
"Justus Blanda","Иванович","Михаил","Шарапов","nikolaj.silina@example.net","%mdC52068"
"Friedrich Corwin","Лидия","Медведеваа","Владимировна","teterina.klara@example.org","Q97103lt%"
"Lambert Gerlach","Алексеевна","Майя","Зыкова","dan.ersov@example.net","D%gx27915"
"Connie Vandervort","Сергеевна","Вероника","Смирнова","ludmila.vasileva@example.com","%01694Qcy"
"Antwon Towne","Владимирович","Август","Бирюкова","taisia67@example.net","21984_nfW"
"Dr. Oscar Fahey II","Сергеевна","Светлана","Калашникова","ivan81@example.com","90432R_hi"
"Geovany Reichert IV","Фёдоровна","Лилия","Буроваа","gurev.taras@example.net","_R93126je"
"Darron Batz","Александровна","Татьяна","Лихачёва","mgavrilova@example.net","Vkt-10346"
"Mr. Glennie Gaylord I","Владимировна","Елена","Яковлева","gavriil30@example.net","Zfv_75403"
"Ms. Nedra Dare","Савва","Горшков","Евгеньевич","arsenij.medvedeva@example.net","_riB05892"
"Blanche Gutmann","Анжелика","Мельникова","Максимовна","misina.sergej@example.com","hmY%23580"
"Elise Corwin","Назар","Шилова","Максимович","rogova.viktoria@example.org","35271quW-"
"Prof. Carmela Metz Jr.","Алексеевна","Лидия","Денисова","aroslava53@example.com","%18360Nsb"
"Chloe Murray","Люся","Черноваа","Львовна","tarasov.emma@example.org","85649%qfD"
"Vicky Brekke","Ивановна","Алёна","Стрелковаа","znoskova@example.com","rc_28140E"
"Johnathan Satterfield","Романовна","Раиса","Савельеваа","ekolobova@example.com","%X18479kd"
"Adriel Prohaska","Андреевна","Фаина","Артемьева","andrej04@example.com","sm64951T-"
"Dulce Emard","Львович","Аркадий","Воронцова","zuev.arkadij@example.org","01925%Fgj"
"Jaden Bashirian","Алексеевна","Елена","Гусеваа","kondrateva.robert@example.net","hu_C93208"
"Leonora Dibbert","Алексеевич","Геннадий","Ситникова","kristina.zueva@example.org","96475Aqw%"
"Patience Koch","Семён","Новикова","Евгеньевич","memelanova@example.org","cl60853_U"
"Dr. Harley Welch III","Фёдоровна","Рената","Фроловаа","polina.silov@example.net","70495I-zj"
"Ms. Kaitlin Steuber II","Александровна","Маргарита","Кудряшоваа","maria58@example.org","17258Wpj%"
"Bert Rolfson Jr.","Геннадий","Большаков","Борисович","xmolcanova@example.net","%Jtb26371"
"Dr. Josiane Windler","Святослав","Куликова","Владимирович","nika.vasileva@example.com","-xkE63789"
"Mr. Ed Veum","Владимировна","Ксения","Сорокина","blinova.rozalina@example.net","W72968de%"
"Chelsey Gusikowski","Дарья","Рожковаа","Алексеевна","noskova.klementina@example.org","wn_90584X"
"Dimitri Runolfsson","Фёдоровна","Инга","Афанасьева","filatov.zahar@example.net","Fdi_14857"
"Ms. Paige Predovic II","Ивановна","Жанна","Егорова","lytkin.vadim@example.com","%xf46819R"
"Kariane Keeling","Люся","Вишняковаа","Александровна","efilippov@example.net","_Osl35679"
"Esteban Spinka","Роман","Мельников","Иванович","kuzmina.zahar@example.com","45902byO_"
"Wade Kessler","Борисовна","Анастасия","Афанасьева","qlavrenteva@example.net","35071taG_"
"Keanu Daugherty","Искра","Увароваа","Борисовна","nika.masnikov@example.org","R-oq37056"
"Lexie Reynolds III","Иванович","Дмитрий","Титова","ulia01@example.net","go_02453F"
"Madison Upton","Максимович","Дан","Быкова","frolov.margarita@example.net","%87245pqI"
"Mrs. Luz Rodriguez","Искра","Кулакова","Алексеевна","koseleva.radislav@example.org","A25786zb_"
"Lonzo Gutkowski","Рада","Игнатьева","Ивановна","mmihajlova@example.com","Xao68013%"
"Brent Dickens V","Дмитрий","Яковлева","Евгеньевич","kirill14@example.net","96378Psw_"
"Kariane Kemmer","Романович","Владлен","Селезнёв","safonova.zanna@example.com","iv%25873E"
"Prof. Russ VonRueden","Фёдорович","Григорий","Андреева","anfisa25@example.com","jl-U16370"
"Fabian Rempel","Львович","Герман","Гордеев","bmuhina@example.org","-43567Hyu"
"Marilyne Breitenberg MD","Нелли","Самойловаа","Борисовна","ulia36@example.org","zu%83012T"
"Prof. Glen McDermott","Евгеньевна","Вероника","Веселоваа","usuhanova@example.org","Tlt20873%"
"Treva Ortiz","Эльвира","Сергеева","Владимировна","miroslav04@example.org","sn-68539U"
"Bartholome Upton","Василиса","Панова","Евгеньевна","timur27@example.org","_45067bjM"
"Dr. Melvina Beatty","Сергеевна","Розалина","Котоваа","rusakov.anatolij@example.org","um25681I%"
"Lina Welch","Романовна","Лилия","Евдокимоваа","ylarionova@example.com","O68952_yp"
"Lenore Fritsch PhD","Алексеевна","Нина","Титоваа","osiraeva@example.org","78104V-ul"
"Cleta Skiles","Алексеевич","Лев","Смирнова","rodionov.kuzma@example.org","92673%Daq"
"Prof. Kyle Hand PhD","Ивановна","Полина","Тимофееваа","silova.semen@example.org","-ew27039Z"
"Antoinette Koch","Дмитриевич","Стефан","Данилова","nikodim53@example.com","01268qaZ%"
"Dr. Modesto Little","Сергеевна","Светлана","Капустинаа","ustinova.gleb@example.net","J70315%vi"
"Enola Bernier","Евгеньевна","Маргарита","Волковаа","naumova.dmitrij@example.com","87460Tmu_"
"Dr. Morgan Grant DDS","Андреевна","Инга","Ершова","faina15@example.com","15384ia_X"
"Bartholome Grady MD","Владимировна","Ольга","Зайцева","sergeev.anton@example.com","-iyP10239"
"Prof. Edison Quitzon","Владимировна","Эмма","Авдееваа","anisimova.lada@example.org","O67089uk%"
"Pascale Lubowitz","Борисовна","Ирина","Алексеева","faina70@example.org","kb%K40123"
"Claire Ortiz","Владимирович","Эдуард","Куликова","marta21@example.com","qk-56391D"
"Janis Schoen","Андреевна","Ульяна","Воробьёваа","izolda41@example.com","09346vaX%"
"Mr. Barton King","Ника","Большакова","Алексеевна","lada70@example.org","17894ie_C"
"Thomas Osinski III","Татьяна","Одинцоваа","Ивановна","akov45@example.org","Vos76483_"
"Marilyne Ledner II","Инна","Петрова","Владимировна","raisa.nikitin@example.com","Ryf-90564"
"Kelsie Lindgren","Владимировна","Рената","Сувороваа","iraklij.belaev@example.org","L15630su%"
"Ms. Stella Witting","Таисия","Аксёнова","Львовна","viktoria.sitnikov@example.com","_92468Eum"
"Abner Carroll","Евгеньевич","Макар","Зайцев","imuraveva@example.org","54162%ajW"
"Dr. Damian Pouros Jr.","Ярослава","Фролова","Андреевна","oksana47@example.com","53627nz_X"
"Brock Klocko","Олеся","Сысоеваа","Борисовна","raisa.zukov@example.org","kz51298_H"
"Augusta Sawayn","Александрович","Дан","Морозов","simonova.kristina@example.org","J68213_hz"
"Vernon Emmerich","Дмитриевич","Василий","Николаева","lusa.orehov@example.com","S90378%td"
"Emma Koelpin","Трофим","Комарова","Сергеевич","jbelakov@example.net","Agl18693-"
"Prof. Pamela Spinka I","Александрович","Эдуард","Селезнёв","dan10@example.com","57021qzR%"
"Tristin Shanahan","Гавриил","Тимофеев","Борисович","nina.samsonov@example.net","-80514Yac"
"Karianne Gaylord","Инесса","Кудряшоваа","Львовна","otarasov@example.org","%E75249fj"
"Wilbert Stehr","Алиса","Куликова","Ивановна","aroslav.romanova@example.com","%xsH78420"
"Osvaldo Hoeger","Андреевна","Валентина","Пономарёва","raisa.fomicev@example.net","Tso-18305"
"Prof. Verner Effertz PhD","Марк","Савельева","Дмитриевич","viktor.dorofeev@example.net","Thz94567%"
"Reginald Miller","Эмилия","Устиноваа","Алексеевна","ivanov.emilia@example.net","X13650yb%"
"Jeffry Lesch","Артём","Капустин","Сергеевич","valeria.loginova@example.net","ec40653%Y"
"Destany Swift PhD","Валентина","Ширяеваа","Дмитриевна","xsiraeva@example.com","93082%kwQ"
"Fiona Ondricka","Клементина","Пахомова","Ивановна","lobanov.artemij@example.com","95768_Nvu"
"Mrs. Elena McDermott DDS","Максимович","Леонид","Рогов","adam46@example.org","I%nx80529"
"Freddie Bayer","Радислав","Игнатова","Иванович","stanislav.sarapov@example.org","bq%W31924"
"Lance Kozey","Алексеевна","Любовь","Константиноваа","kristina.sysoeva@example.com","C-24186bc"
"Prof. Gilda Bednar DDS","Романовна","Любовь","Нестероваа","nonna36@example.com","13790Qmf%"
"Bud Flatley","Вячеслав","Белоусова","Максимович","loginova.sofia@example.com","_goK75210"
"Prof. Jaycee Heaney DVM","Максимович","Ян","Кулагин","wfedoseev@example.net","87591%efY"
"Prof. Stanford Treutel","Злата","Лыткинаа","Львовна","lusa93@example.org","%68539Fur"
"Keagan Kuvalis","Владимирович","Святослав","Лазарева","nadezda77@example.net","wiC40915_"
"Zelda Herman Sr.","Альберт","Агафонова","Евгеньевич","emedvedev@example.net","rh%39752N"
"Arielle Marks","Дмитриевна","Анжелика","Матвееваа","lytkina.ulia@example.com","U%ck12785"
"Dr. Harry Fadel DDS","Ярослав","Прохоров","Сергеевич","osazonova@example.com","J%wl16354"
"Maude Erdman","Рада","Волковаа","Сергеевна","varvara.dorofeev@example.org","I32649hb_"
"Prof. Estel Schaden","Львович","Марат","Гущина","marina.bobylev@example.net","Yyv-76208"
"Charlotte Ullrich","Романович","Влад","Моисеева","fomina.apollon@example.net","E38491kd%"
"Kelley Rice V","Лада","Зиновьева","Владимировна","tatana.prohorov@example.net","pqJ91568-"
"Conrad Hauck","Сава","Коновалов","Сергеевич","krukova.zanna@example.com","%un54871I"
"Joey Heidenreich","Евгеньевич","Гарри","Фадеев","ybelousov@example.net","-17589Hjy"
"Doug Parisian","Фёдоровна","Рада","Егорова","soboleva.alina@example.com","-76038odD"
"Dr. Lois Littel III","Борисовна","Рада","Галкина","ialeksandrova@example.com","Ahv76813-"
"Dr. Joy Tromp DDS","Сергеевна","Ульяна","Дроздова","fadeeva.valerij@example.net","51640ne%O"
"Reanna Von","Татьяна","Шарапова","Дмитриевна","feliks.tretakova@example.com","zxG83425-"
"Erik Hagenes Jr.","Александровна","Елена","Никифороваа","vsevolod48@example.org","-lh20851C"
"Miss Virgie Ondricka III","Александрович","Дмитрий","Журавлёв","artemev.zoa@example.net","de38497E_"
"Mr. Terry Dicki PhD","Людмила","Казакова","Ивановна","nikodim.gromova@example.org","63507Zhx-"
"Stan Leffler II","Ульяна","Герасимова","Романовна","tarasov.ludmila@example.com","_C52637xk"
"Ole Price","Романович","Вадим","Колобова","varvara.mihajlova@example.net","je%G10926"
"Ms. Teresa Braun I","Софья","Жуковаа","Андреевна","izabella.miheeva@example.net","-fl93270V"
"Mrs. Melba Moore MD","Евгеньевна","Рада","Лобанова","miroslav51@example.org","vd73298-E"
"Prof. Nedra Daugherty III","Спартак","Белова","Романович","irina50@example.com","74931Ipy%"
"Mr. Tate Schneider II","Евгеньевна","Антонина","Игнатьева","yzukova@example.org","O35647_dp"
"Rashawn Mitchell Jr.","Фаина","Антоноваа","Дмитриевна","afanasij70@example.org","qr%04951R"
"Prof. Donna Dietrich","Владлен","Нестеров","Борисович","innokentij63@example.net","L13924pn-"
"Misael Berge","Зоя","Макароваа","Владимировна","ovcinnikov.zahar@example.net","Ozm-25789"
"Prof. Mohamed Stark","Евгеньевна","Яна","Коновалова","vladislav02@example.org","%qoL58726"
"Deshaun Schmidt","Сергеевна","Марта","Харитонова","dementev.apollon@example.org","05126%Gqf"
"Seth Sauer","Александрович","Всеволод","Романова","kirill.kulagina@example.com","Ujk_64501"
"Miss Ebba Franecki IV","Романович","Никита","Гусева","evgenia.lytkina@example.net","85307_Tfv"
"Ms. Margarete Schowalter","Андреевна","Алиса","Васильеваа","wustinova@example.com","-Q07956tr"
"Eric Kozey Sr.","Светлана","Марковаа","Алексеевна","fedotova.sofa@example.org","N63519pb-"
"Jaycee Jones","Евгеньевна","Люся","Зыковаа","molcanov.iskra@example.net","%tsC63907"
"Dawn Denesik","Регина","Потаповаа","Андреевна","innokentij.pahomov@example.com","12364%qjY"
"Logan Windler","Дмитриевна","Ирина","Лобановаа","panfilov.ivan@example.net","65718Dmt%"
"Bailey Sporer","Василий","Иванов","Иванович","evgenia70@example.net","L29015kl_"
"Dave VonRueden IV","Тимур","Тарасов","Евгеньевич","timur05@example.org","%78096Nlb"
"Mrs. Kayla Rolfson IV","Иванович","Руслан","Горшков","lbelozerova@example.net","50692%Jsz"
"Dewitt Cormier Sr.","Владимирович","Борис","Никитин","milan57@example.org","-45762Ooj"
"Melisa Hamill","Абрам","Абрамова","Сергеевич","bogdanova.marat@example.net","%ym35126P"
"Christa Lindgren","Львовна","Люся","Мишинаа","denis.rodionov@example.com","S85247ia%"
"Patricia Jacobi Sr.","Изабелла","Калининаа","Евгеньевна","pemelanova@example.com","67904qc%H"
"Mrs. Cleta Jerde","Виктория","Куликоваа","Евгеньевна","boris.bolsakova@example.org","-50126Zgk"
"Everett Goyette","Эмма","Алексеева","Александровна","antonin.abramova@example.com","-B76904ky"
"Carolyn Altenwerth Sr.","Ростислав","Колесников","Дмитриевич","kiseleva.akov@example.com","_ln72435T"
"Deondre Wiegand","Львович","Игорь","Фёдорова","emilia90@example.net","Q-59837uv"
"Demarco Volkman","Злата","Зуева","Максимовна","anna62@example.com","-fpR52431"
"Juliana Pagac","Фёдоровна","Анна","Жданова","eknazev@example.com","keZ46370-"
"Dr. Deangelo Donnelly","Дмитриевна","Алёна","Афанасьеваа","zaharova.sava@example.net","71290_Rso"
"Grady Kuhlman","Доминика","Воробьёваа","Владимировна","iosif33@example.com","U%dc72984"
"Astrid Kutch","Дина","Тетерина","Фёдоровна","candreev@example.org","ad78143%K"
"Carroll Hand","Маргарита","Волкова","Фёдоровна","zaharov.kapitolina@example.org","Bmx70148%"
"Dr. Orin Haley PhD","Дан","Мельников","Фёдорович","fedorova.klavdia@example.com","aj30489_M"
"Dr. Laurence Sanford MD","Андреевна","Вероника","Бирюкова","qknazev@example.com","-59321Cjb"
"Rasheed Feest","Львовна","Анастасия","Одинцова","veniamin85@example.com","%02895xpZ"
"Dr. Nicholas Christiansen II","Юлий","Давыдова","Львович","bbolsakova@example.net","eg49136%J"
"Erick Nitzsche I","Львович","Борис","Шарапов","alina40@example.net","bdG43218-"
"Salvador Glover","Викентий","Сидорова","Максимович","illarion.fedorova@example.com","98104-lyO"
"Pedro Skiles","Евгений","Тихонова","Борисович","umakarov@example.net","wy05469I_"
"Miss Nettie Beier V","Даниил","Пономарёв","Львович","anton12@example.org","37486%mrW"
"Maryam Kuphal","Дмитриевна","Алёна","Пановаа","rusakova.albina@example.net","uf13056W-"
"Osbaldo Cole","Андреевич","Клим","Турова","irina58@example.com","_Hyf32196"
"Chance Daugherty","Алла","Овчинниковаа","Львовна","belova.fedosa@example.com","tq73812I%"
"Anya Green","Марина","Ситниковаа","Ивановна","evgenij.sorokin@example.com","_92465Pge"
"Lauretta Mayert","Фёдоровна","Анастасия","Фёдороваа","marta48@example.net","_Wbl80754"
"Mr. Kip O'Connell","Алексеевна","Рената","Кудряшоваа","efim33@example.com","Ofm%42598"
"Dr. Jamel Ward III","Александровна","Изольда","Михееваа","avdeev.andrej@example.net","ycZ_34059"
"Jayda Kub","Евгеньевна","Мальвина","Ершова","klara47@example.com","M39650-jd"
"Annamae Hand","Дмитриевич","Август","Субботин","bykov.anzelika@example.net","Wnk-61970"
"Nina Fritsch","Ананий","Исаева","Евгеньевич","adrian.belozerov@example.org","gm-07463O"
"Willis Feest","Флорентина","Терентьеваа","Максимовна","timofej.zimin@example.com","kv-24819C"
"Prof. Lester Gleason","Александр","Колобов","Владимирович","pestov.klara@example.org","_O31576fm"
"Jeffrey Corwin","Рената","Мухинаа","Сергеевна","agafonov.renata@example.org","60849-Cyj"
"Callie Flatley","Александровна","Галина","Жукова","akornilov@example.net","41863fm_P"
"Ms. Savanna Pacocha","Вероника","Зайцеваа","Фёдоровна","innokentij90@example.org","-45078Sva"
"Mrs. Gabriella Daugherty","Андреевна","Диана","Кудряшоваа","birukov.sofia@example.org","Xus26940_"
"Alyce Romaguera DDS","Фёдорович","Адриан","Моисеева","gorbunov.klavdia@example.com","34601-rpG"
"Willow Adams","Львовна","Регина","Морозова","wzuravleva@example.net","96387Q-hf"
"Velma Fritsch","Капитолина","Мишина","Максимовна","albina50@example.org","%89504nbP"
"Myrl O'Reilly","Таисия","Зимина","Львовна","rogova.dominika@example.org","Xnk_25463"
"Prof. Murl Von","Борисовна","Людмила","Андреева","valentina42@example.com","_Hjt98647"
"Ms. Gabrielle Berge","Александровна","Злата","Герасимоваа","npavlova@example.net","-Smr28356"
"Alexandria Green","Алексеевич","Алексей","Кононова","ulana.bykova@example.net","ok_21839W"
"Dr. Garrick Shanahan MD","Львович","Святослав","Сорокина","fedosa.savin@example.net","-lgX03269"
"Serena Daugherty","Евгения","Воронцова","Александровна","aleksandra73@example.net","_53682Pqt"
"Monte Stanton","Розалина","Макароваа","Фёдоровна","robert.grigorev@example.net","C%il98326"
"Mr. Pedro Orn","Флорентина","Смирноваа","Максимовна","makar08@example.com","%78405Wfr"
"Lavina Waelchi","Максимович","Евгений","Суханова","dorofeeva.platon@example.com","K86790-rb"
"Prof. Van Jenkins","Львовна","Вера","Александроваа","nikita.nikolaev@example.com","N24905sc-"
"Juliet Hermann","Львовна","Дина","Гусеваа","hkomarov@example.org","-05198Gul"
"Sammy Boyer","Александрович","Артём","Гусев","akim65@example.net","87234ac-C"
"Laisha Fay","Александровна","Злата","Соболева","filippov.donat@example.net","L74568-de"
"Helen Okuneva","Максимович","Михаил","Васильев","milan79@example.net","%U63072as"
"Prof. Monserrat Ernser MD","Вячеслав","Королёва","Романович","taras.smirnova@example.org","89416ta-F"
"Aglae Schaden","Романовна","Раиса","Кононова","ivan04@example.net","_P37284ur"
"Roosevelt Borer III","Максимовна","Изольда","Власова","zinaida.evdokimov@example.org","96782_srK"
"Angelo Shanahan","Милан","Воронцов","Дмитриевич","ignat92@example.org","E-34097at"
"Prof. Minnie Hegmann","Софья","Силинаа","Дмитриевна","zlata.gavrilov@example.net","-ysX98514"
"Mr. Diamond Prohaska","Ивановна","Ева","Устинова","semenova.vladlen@example.org","hm%36750Q"
"Dr. Leila Kling","Максимовна","Василиса","Трофимоваа","bevdokimov@example.org","-L71423fa"
"Esperanza Keeling DDS","Романовна","Светлана","Муравьёваа","serbakova.maria@example.net","07693msR%"
"Austin Larson II","Борисович","Виталий","Гурьев","ggulaev@example.net","45973_dnA"
"Hipolito Cummerata","Егор","Шарапова","Александрович","zsamsonov@example.com","Kbw67120%"
"Finn Yundt","Максимовна","Эмма","Ефимоваа","denis.eliseev@example.net","20478cu_W"
"Miller Wintheiser Jr.","Сергеевна","Елизавета","Сидороваа","drozdova.albina@example.net","J57034-up"
"Harley Koepp","Анатолий","Носов","Сергеевич","daniil.bogdanov@example.com","13840tg_A"
"Jackeline Schinner","Владимировна","Яна","Агафоноваа","garri.lobanov@example.net","ruZ58732_"
"Grover Kling","Львовна","Ярослава","Третьяковаа","stanislav08@example.org","xu62381V%"
"Verner Grant","Борисовна","Клавдия","Комиссароваа","zaharova.ananij@example.com","yiS35946_"
"Dr. Reed Conn I","Львович","Антонин","Гаврилов","hersova@example.org","A86135ab-"
"Araceli Brakus","Андреевна","Елизавета","Баранова","kiselev.bogdan@example.net","ax-13092I"
"Prof. Lonzo Farrell V","Клементина","Новикова","Максимовна","ignatov.ignat@example.net","zj12703_U"
"Jaeden Hoppe","Марат","Пестова","Борисович","valentin.kazakova@example.com","%13682Cat"
"Richie Swift II","Тит","Сафонов","Иванович","wegorov@example.com","za%48157Y"
"Remington Herman IV","Флорентина","Котоваа","Максимовна","ysarova@example.org","-ibY40179"
"Timothy Treutel","Романович","Артур","Емельянова","ulazarev@example.net","-ze31748P"
"Madison Goldner","Львовна","Яна","Муравьёва","zgulaeva@example.com","W96815lt%"
"Reta Mosciski","Фаина","Константиноваа","Львовна","vladimir.makarov@example.com","xvT10568_"
"Elenora Ernser","Давид","Колесников","Максимович","msamojlova@example.org","xkJ%50917"
"Kelsie Kuhic","Ярослав","Хохлова","Романович","rarhipov@example.net","es-A56893"
"Nikki Botsford","Евгеньевна","Анфиса","Кузнецоваа","aleksandr91@example.org","ucG57639_"
"Kaylee O'Hara","Борисовна","Яна","Морозова","ubogdanov@example.net","Y15762jx%"
"Linnea Emmerich","Борисович","Мирослав","Фролов","sromanova@example.com","%93562Dfm"
"Mary Hill","Андреевич","Альберт","Савин","subin.ignatij@example.net","40871B%hg"
"Beaulah Blanda","Борисовна","Диана","Дьячкова","margarita48@example.org","P-ra10283"
"Zella Collier I","София","Козлова","Дмитриевна","dominika61@example.com","14735%mkS"
"Sigurd Kuvalis Sr.","Степан","Агафонов","Романович","kovaleva.marina@example.net","27613%Jyi"
"Miss Vallie Schamberger","Дмитриевич","Спартак","Тарасов","robert40@example.net","ne%16785S"
"Dr. Lizeth Bauch","Андреевна","Яна","Логинова","valentina.morozova@example.net","kqG04928-"
"Prof. Mortimer Glover PhD","Алексеевна","Александра","Громоваа","loginov.mihail@example.org","kqW92053%"
"Cristian Bernhard","Тимофей","Данилова","Максимович","eva28@example.net","24891_arR"
"Zakary Altenwerth","Ивановна","Надежда","Яковлеваа","taisia.bobrov@example.net","53482dn-V"
"Regan Hills","Роберт","Суханова","Иванович","ulian39@example.net","Hsc18930%"
"Araceli Cartwright","Татьяна","Боброва","Евгеньевна","valentin15@example.com","_np87160T"
"Hassan Schmidt","Иван","Кулагина","Иванович","nika64@example.org","E43291%sk"
"Mr. Justyn Fritsch","Андреевна","Оксана","Комарова","innokentij.alekseeva@example.com","54321fdE_"
"Sunny Armstrong DVM","Софья","Фадееваа","Борисовна","usilova@example.com","jg%L82074"
"Edmond Kihn","Борисович","Алексей","Кононова","chohlova@example.com","xl-C80275"
"Domenico O'Kon","Клементина","Жданова","Владимировна","fbelov@example.net","%H62803pf"
"Howard Collier I","Львович","Милан","Кудряшова","taras.kuzmina@example.net","Y67034qo%"
"Elise Stiedemann","Фёдорович","Витольд","Крюков","sava.bykova@example.com","_02756omB"
"Ramon Heaney I","Максимович","Артемий","Федосеева","zinaida44@example.org","M70314_bq"
"Prof. Brooks Sanford","Жанна","Князеваа","Борисовна","dara.noskov@example.org","I90182qv%"
"Ricky Price","Фёдоровна","Кристина","Лапинаа","iosif.prohorov@example.net","50721Ndv-"
"Maddison Streich","Алексеевич","Влад","Стрелкова","vinogradova.maja@example.org","%eu94503I"
"Dr. Terrence Rath MD","Александровна","Эмилия","Лыткина","ruslan.suhanova@example.net","iu81275%S"
"Prof. Anastacio Jacobs","Максимовна","Тамара","Шестаковаа","oksana.borisov@example.net","H41526-km"
"Marielle Ziemann","Романович","Игнат","Рябова","makar.lazarev@example.net","95812-Ods"
"Destany Sauer","Фёдорович","Эрик","Мясникова","hsokolov@example.org","Q04251_gr"
"Claude Kulas","Эмилия","Даниловаа","Александровна","loginova.valeria@example.org","Amw_80195"
"Florencio Bechtelar","Максимовна","Татьяна","Савина","nazar.sokolov@example.org","24160mp%G"
"Taya Gleichner","Август","Сидорова","Сергеевич","nina.sarapov@example.net","-62180ebT"
"Raquel Lesch","Валерия","Барановаа","Максимовна","martynova.varvara@example.org","zv%21359K"
"Hiram Reichel","Александровна","Елена","Голубева","ignatev.evgenia@example.net","_C38674hr"
"Ms. Gretchen Jacobi MD","Ксения","Шилова","Алексеевна","ekaterina18@example.com","mu%G14569"
"Cayla Kutch","Андреевна","Василиса","Игнатьева","kbykova@example.org","gaF96132_"
"Eden Renner","Сергей","Капустин","Сергеевич","artur64@example.org","O19570%bh"
"Mr. Laverne Abshire III","Анжелика","Савельева","Алексеевна","dorofeev.ulana@example.org","Q86541-fw"
"Ms. Mathilde Sanford","Антонина","Афанасьеваа","Фёдоровна","alena.nesterova@example.org","Btw_21730"
"Janis Ledner","Тамара","Кирилловаа","Сергеевна","milan27@example.org","izH%96857"
"Sarah Greenfelder","Таисия","Белозёроваа","Дмитриевна","larisa.safonov@example.org","_Njr10275"
"Jeffry Robel","Юрий","Соловьёв","Сергеевич","matvej.belaeva@example.net","47138P_xp"
"Gunnar Legros II","Андреевич","Гавриил","Лукина","anna47@example.net","63904Pbv-"
"Luigi Gleichner","Романович","Михаил","Казаков","polakov.larisa@example.net","H%96583ns"
"Rhianna Hagenes","Давид","Миронов","Борисович","tit61@example.net","hb34256Q-"
"Dr. Kadin Williamson MD","Андреевич","Яков","Симонова","iskra17@example.com","69842cwA%"
"Allan Glover","Андреевич","Павел","Блинова","kononova.nina@example.org","_Tgm25108"
"Shany Sanford","Максим","Суворова","Максимович","polina81@example.org","cj_J53640"
"Prof. Roy Runolfsdottir I","Владислав","Суханов","Иванович","maria44@example.com","R_re68092"
"Kane Tremblay","Ирина","Власоваа","Алексеевна","rgavrilov@example.net","qmV_04578"
"Mrs. Georgette Pfannerstill","Иван","Никифоров","Фёдорович","eva38@example.com","94718wjG-"
"Lew Robel","Дмитриевна","Мальвина","Соловьёваа","ermakov.avgust@example.net","Qgr%90271"
"Marielle Hahn Jr.","Львовна","Алиса","Крылова","sestakova.sofia@example.net","ruP05792-"
"Katlynn Spencer V","Антонин","Попова","Евгеньевич","fedor.knazev@example.com","hlE31290_"
"Leif Klein DDS","Львовна","Лада","Логиноваа","lebedev.evgenij@example.org","-Eba71986"
"Rex Abbott DVM","Егор","Григорьев","Александрович","leonid.silin@example.com","26197_Hva"
"Mathias Gorczany","Алексеевич","Николай","Богданов","sergej91@example.com","%71286uvT"
"Idell Waelchi","Максимовна","Елена","Цветкова","valentina.ilina@example.org","C%48152sj"
"Jazmin Muller","Андреевна","Любовь","Боброва","asarapova@example.net","04358st_X"
"Hulda Sanford","Даниил","Громова","Андреевич","ksenia99@example.org","rv_08354R"
"Rachel Terry","Анастасия","Роговаа","Владимировна","gordeeva.aleksej@example.com","%H49680ix"
"Bobbie Wyman DDS","Анатолий","Князев","Максимович","xblinova@example.com","tm83461F-"
"Shanny Medhurst","Борисович","Геннадий","Максимова","konstantin.antonova@example.net","%E64815zk"
"Shany Lind","Марина","Большаковаа","Александровна","semenova.valentin@example.com","ds-B54860"
"Maxwell Bernier","Дмитриевич","Давид","Овчинников","kiseleva.dmitrij@example.net","49260_Bvy"
"Kaley Gutkowski","Дина","Калашниковаа","Евгеньевна","anfisa62@example.org","72931Emp_"
"Jeramy Cartwright","Андреевна","Клавдия","Филатова","gleb.lihacev@example.org","yrV93742-"
"Prof. Hosea Hand II","Тимур","Елисеев","Фёдорович","pavel.soboleva@example.com","_I03584al"
"Karelle Ziemann","Аполлон","Тимофеев","Александрович","nikolaj43@example.net","W86742ph_"
"Dr. Ludwig Weber","Романович","Бронислав","Кулакова","vladimir60@example.net","-zx37502Q"
"Lorena Torphy DVM","Глеб","Воробьёва","Борисович","nadezda04@example.net","L67350_sc"
"Prof. Angelo Rosenbaum","Анжелика","Крюкова","Романовна","xsoloveva@example.com","-tmN25468"
"Amina Torp","Фёдоровна","Виктория","Кузьминаа","boleslav18@example.org","U09617dm%"
"Adell McGlynn","Алексеевич","Юрий","Казакова","antonova.rostislav@example.com","38021%Amr"
"Conor Runte","Юлиан","Селиверстова","Романович","alisa.evdokimova@example.net","Oka%32914"
"Prof. Joaquin Nitzsche","Максимович","Николай","Михайлов","bragin.nadezda@example.net","lt_B21507"
"Ezequiel Kiehn","Иванович","Марат","Носков","cpetuhov@example.org","26174T_gh"
"Emilie Beier","Леонид","Денисова","Максимович","gavriil68@example.net","41673ohH-"
"Monica Goldner","Рада","Соболева","Александровна","korolev.spartak@example.com","%95018Naf"
"Eloisa Hoppe","Лев","Яковлев","Сергеевич","miheeva.florentina@example.org","80653G-yd"
"Leora Lowe","Алексеевич","Аркадий","Блохина","varvara.krylova@example.com","Z26751-ls"
"Mrs. Deanna Botsford V","Лев","Титова","Борисович","leonid61@example.org","62530bs_U"
"Hayley Marks","Надежда","Нестероваа","Львовна","oleg.rogov@example.net","qpZ%56819"
"Dario McKenzie","Романовна","Клара","Лыткина","andreev.zlata@example.org","%Fdj97432"
"Kasey Herman III","Лилия","Архиповаа","Евгеньевна","belakov.kapitolina@example.com","25186Fbt_"
"Mrs. Neoma Kirlin","Александровна","Екатерина","Ситникова","fkapustin@example.net","76598vb%Y"
"Avery Schulist","Инна","Терентьева","Алексеевна","yermakova@example.net","Pzv-08671"
"Maci Runolfsson","Андреевна","Альбина","Русаковаа","artemij.ivanova@example.org","34850Hsv_"
"Norberto Prohaska","Максимович","Мирослав","Самсонова","lusa91@example.net","re_G45839"
"Martin Tremblay","Нонна","Лаврентьева","Борисовна","vadim.fadeev@example.net","em-Y46381"
"Susie Breitenberg","Ивановна","Капитолина","Хохлова","spartak92@example.net","L%14369ly"
"Dr. Dorothea Kovacek","Ева","Моисееваа","Максимовна","klara.lazareva@example.net","-qcT16798"
"Mr. Ola Reichel","Варвара","Фролова","Львовна","dmitrij.zajcev@example.net","ze32610Z%"
"Arvilla Gleichner","Сергей","Турова","Владимирович","raisa.bogdanova@example.net","Epe19583_"
"Pablo Corkery","Иванович","Василий","Бобылёв","zlata.prohorov@example.org","sjY-59864"
"Hilma Bradtke DDS","Фёдорович","Афанасий","Харитонов","filippov.valentin@example.net","qh93285V-"
"Ms. Lupe Harber","Федосья","Мясникова","Борисовна","anfisa98@example.net","69071%vuI"
"Prof. Lavern Feeney IV","Антонина","Лыткинаа","Дмитриевна","rzuev@example.org","-J24736uj"
"Kaitlyn Leffler","Юлия","Гаврилова","Сергеевна","dan.gavrilova@example.com","K56140%ur"
"Mr. Isaias Ebert DVM","Андреевна","Злата","Осиповаа","alina.voroncov@example.org","pb-M56984"
"Ms. Elisa Hahn II","Прохор","Мухина","Дмитриевич","fsuvorova@example.com","uqL%27568"
"Taylor Kulas","Вера","Мамонтоваа","Максимовна","lapina.ana@example.com","ms82514M_"
"Fabiola Bernier","Дмитриевна","Нелли","Михайловаа","sava24@example.com","61835Ikd%"
"Mr. Johnathan Kerluke DVM","Маргарита","Назароваа","Максимовна","solovev.marina@example.net","79436_Lhk"
"Ms. Sydnie Bosco","Изольда","Трофимова","Дмитриевна","belakova.boleslav@example.org","19480-Pkc"
"Leilani Douglas","Романовна","Ирина","Исакова","emoiseeva@example.org","Y59721%yt"
"Karlee Crist","Фёдоровна","Юлия","Фроловаа","tzuravlev@example.net","%jq82905A"
"Madaline Ferry","Борисовна","Лада","Пановаа","izolda36@example.com","eyH-29357"
"Green Cormier","Борисович","Владимир","Суворова","unaumov@example.com","lb%30526X"
"Gene Heidenreich","Федосья","Давыдова","Андреевна","anisimova.immanuil@example.net","%S20941fm"
"Letitia Hane","Артём","Лебедева","Романович","vsevolod.voroncova@example.net","R_ai30465"
"Loma Casper MD","Евгеньевич","Бронислав","Лыткина","artur39@example.org","-48250jeR"
"Grover Marvin Jr.","Андреевич","Адриан","Мартынов","jknazeva@example.com","%41398Mjx"
"Dr. Lucius Bergnaum DDS","Ивановна","Изабелла","Шарапова","daniil.ilina@example.com","%54062dfP"
"Dr. Bill Mayer MD","Борисович","Владимир","Костин","garri.kazakov@example.org","38657_Rqa"
"Lyla Quigley","Дмитрий","Владимирова","Фёдорович","dan.kulakov@example.net","19356%sbB"
"Vernon Kemmer","Евгеньевна","Таисия","Иванова","ana92@example.org","73691jy_W"
"Jerel Feest Jr.","Вероника","Рогова","Максимовна","fokina.vera@example.org","_aqB27684"
"Elta Thompson IV","Трофим","Стрелкова","Андреевич","vasilij.terenteva@example.com","02571P-xv"
"Demetrius Heaney","Лилия","Емельянова","Фёдоровна","evseev.ulana@example.org","rq08357%C"
"Geovanny Funk","Алексеевна","Люся","Дементьева","lihacev.ekaterina@example.net","zpM-63591"
"Ms. Eliza Pacocha I","Евгеньевна","Ульяна","Никоноваа","olga.panfilova@example.org","%93068jlD"
"Spencer Bruen","Евгеньевич","Максим","Захарова","polina75@example.net","Cpo_02597"
"Norris Weber","Лада","Мироноваа","Романовна","donat49@example.net","94608N%ek"
"Lenna Haley IV","Львовна","Екатерина","Симонова","gusin.ulana@example.com","39867_ciU"
"Jacky Powlowski","Владимировна","Федосья","Шашковаа","boris71@example.org","-14069Kmc"
"Boyd Howe","Юрий","Васильева","Дмитриевич","timofej06@example.com","D%98207xj"
"Glenna Romaguera","Юрий","Калинин","Дмитриевич","savva.drozdova@example.net","ro%36189I"
"Jon Casper","Александровна","Ксения","Афанасьеваа","maksim14@example.com","xfV-14782"
"Sarah Pagac","Романович","Милан","Копылов","fbelaeva@example.com","-cdX87659"
"Prof. Adelia Gottlieb V","Фёдорович","Бронислав","Степанова","suvorova.garri@example.com","%fv60381C"
"Rolando Conroy","София","Кононова","Андреевна","zdanov.ivan@example.net","75419zyY%"
"Dr. Mohammed Powlowski III","Фёдоровна","Лидия","Королёва","kgulaeva@example.net","_A50984og"
"Hilma Bosco","Геннадий","Михайлова","Львович","sofa.volkov@example.net","O-87253sk"
"Evie Hauck","Львовна","Таисия","Виноградоваа","subin.maria@example.org","74651W%uq"
"Miss Sonya Tillman","Анастасия","Ситникова","Андреевна","jpanov@example.org","L52817_nl"
"Prof. Kenya Oberbrunner V","Захар","Куликов","Фёдорович","zinaida.kozlov@example.com","qsE-56273"
"Maverick Fahey PhD","Игорь","Михайлов","Александрович","zoa.gulaeva@example.com","qa_95341Q"
"Mrs. Shanelle Bruen DDS","Сергеевна","Виктория","Родионова","rozalina.rodionov@example.org","%Z61539jx"
"Toney Bahringer PhD","Нонна","Зуева","Владимировна","marta.melnikov@example.org","%vl94506Y"
"Reanna Schroeder","Георгий","Никонова","Евгеньевич","ulian.subbotin@example.org","%mg67830O"
"Ms. Joelle Prosacco","Федосья","Некрасова","Ивановна","iudina@example.com","Hly%96473"
"Prof. Deion Corkery","Клементина","Ширяева","Романовна","sergeev.maja@example.net","_P89623yi"
"Miss Bernadine O'Kon","Лада","Зиминаа","Романовна","kolesnikov.evgenij@example.org","Ksz_69582"
"Brielle Hirthe","Лилия","Прохорова","Андреевна","oksana70@example.net","%S17035xq"
"Willis Dibbert Sr.","Изольда","Казаковаа","Александровна","miroslav.zajceva@example.com","-12738dtC"
"Corine Walter","Лилия","Трофимоваа","Борисовна","izolda.lobanov@example.net","%Pnk76493"
"Prof. Bailey Aufderhar","Борисовна","Диана","Гордеева","maksim.belozerov@example.org","04153%uoT"
"Brooklyn Tremblay","Ивановна","Фаина","Тарасова","emolcanov@example.net","Z_41538eq"
"Jamel Torp","Алексеевич","Рафаил","Трофимов","bragin.vladimir@example.org","P62574%jw"
"Prof. Gerhard Legros","Жанна","Николаева","Максимовна","tturov@example.com","va76105V%"
"Chelsea Johns","Полина","Быкова","Романовна","zajceva.vaceslav@example.com","ea57612A%"
"Nathanial Waters","Владимирович","Марат","Кузьмин","gorbaceva.vadim@example.com","S-cp38715"
"Nia Treutel","Наталья","Комароваа","Сергеевна","smirnova.rostislav@example.org","_68715Rdk"
"Dr. Darryl Metz V","Владимирович","Вадим","Наумов","kondratev.pavel@example.com","yhR76589_"
"Edgardo Zboncak","Андреевич","Абрам","Ефремов","dackov.izabella@example.net","N_97852az"
"Tod Harris","Игнатий","Калашникова","Алексеевич","pbobrov@example.net","E29460cy%"
"Angelita Stamm","Львовна","Ева","Субботина","rostislav38@example.com","97618-Wpg"
"Dr. Maegan Von","Роман","Рыбаков","Алексеевич","zkotova@example.org","lzD-98064"
"Brenda Metz","Александрович","Давид","Зыкова","ignatova.nika@example.net","cwM68257-"
"Lorena Swaniawski","Дмитриевич","Сава","Комарова","gulaeva.valentin@example.com","21946%Weh"
"Prof. Skyla Bartell","Софья","Горшковаа","Фёдоровна","fmarkov@example.com","_N78329yk"
"Mr. Arvid Rath Jr.","Павел","Доронин","Фёдорович","jbaranova@example.net","05427%pxG"
"Dr. Janice Beahan Jr.","Милан","Шубин","Борисович","iraklij.tretakov@example.com","%gyL72543"
"Mr. Tyrique Abshire","Феликс","Федотова","Борисович","novikova.olga@example.net","-X95371pv"
"Quentin Waters","Роман","Пономарёв","Максимович","jaksenova@example.net","42516P%qs"
"Wilton Leannon","Ананий","Лазарева","Дмитриевич","krylova.alina@example.com","ny75391O_"
"Dr. Kelley King","Аполлон","Елисеев","Александрович","gpavlov@example.org","09837-Nuo"
"Dr. Vince Grant","Романович","Игорь","Шаров","gordeev.vadim@example.com","fj71692%F"
"Korbin Nikolaus","Александра","Егорова","Сергеевна","ipanfilova@example.com","zm%I89501"
"Donnie Krajcik","Семён","Жуков","Максимович","ykrasilnikova@example.org","E10672_in"
"Gunnar Borer","Руслан","Крюкова","Алексеевич","qbelakov@example.net","L-xh67034"
"Miss Faye Medhurst MD","Регина","Смирноваа","Львовна","aroslava93@example.com","U-qw58473"
"Cole Bernhard","Альбина","Зайцеваа","Борисовна","izabella57@example.net","-06149dqS"
"Amos Reilly DVM","Софья","Кудряшова","Сергеевна","aleksandr.nosov@example.net","24607dvX_"
"Lee O'Connell DVM","Владимировна","Елизавета","Стрелковаа","ulia.saskov@example.com","oqB20317%"
"Constance Funk","Львович","Вячеслав","Третьякова","qevdokimov@example.org","eiX_42501"
"Micheal Brakus","Антонина","Семёноваа","Максимовна","lzdanov@example.org","-K17249lt"
"Prof. Carleton Dibbert","Давид","Артемьев","Александрович","varvara33@example.org","07543pr-W"
"Daniela Sipes","Розалина","Ларионова","Фёдоровна","rodion.haritonova@example.org","%N85604ql"
"Selmer Grady IV","Виталий","Осипов","Фёдорович","abramova.erik@example.net","ceH%48019"
"Mrs. Nikki Harvey IV","Сергеевна","Валерия","Роговаа","krasilnikov.efim@example.com","-U16594ta"
"Lucious Windler","Елизавета","Щербакова","Александровна","ana96@example.org","S%if30186"
"Zoe Dietrich","Алексеевна","Олеся","Самсонова","xvoroncov@example.net","19463%Nrp"
"Bennie Jakubowski","Борисович","Кузьма","Коновалов","qpopov@example.org","%B58034le"
"Raegan Okuneva","Павел","Орлов","Иванович","nestor.bespalova@example.net","wh-U15369"
"Madisyn Schinner MD","Владимировна","Зинаида","Бобылёва","titova.gordej@example.net","-Z89405yg"
"Dr. Kiera Bergnaum II","Романовна","Капитолина","Шарапова","klim90@example.org","nhS47293%"
"Lacy Kuvalis I","Альберт","Шестаков","Фёдорович","illarion66@example.org","_P85079jx"
"Wilfrid Haley","Рената","Мишина","Борисовна","etarasov@example.net","-J68703ns"
"Mackenzie Hartmann","Игорь","Куликов","Максимович","polina.koroleva@example.com","%97056khV"
"Elissa Morar","Ивановна","Валентина","Белоусова","ulian.kirillov@example.net","zj_S90176"
"Nichole Erdman","Герман","Ларионов","Андреевич","fomin.iskra@example.net","E_54786wa"
"Cierra Hettinger","Эдуард","Юдин","Александрович","tarasov.viktoria@example.org","30867-guQ"
"Kristoffer Yundt DDS","Фёдоровна","Анастасия","Савельеваа","panfilov.stanislav@example.com","L%05481iz"
"Kaitlin Lemke","Виктор","Гущина","Фёдорович","kuzma98@example.net","xq01578B_"
"Llewellyn McDermott","Люся","Маркова","Романовна","valentin.saveleva@example.org","21740P_ab"
"Courtney Hauck","Евгеньевна","Раиса","Белоусоваа","diana60@example.org","%P86310kt"
"Leonie Schuppe","Владимировна","Ирина","Зуеваа","doronin.nelli@example.org","_12936pwD"
"Prof. Kirstin Lockman","Алексеевна","Оксана","Тетеринаа","xignateva@example.net","_mrZ36078"
"Madaline Bins","Ивановна","Ника","Елисееваа","bolsakov.inga@example.com","rm74136R-"
"Mr. Blair Larkin","Алексей","Смирнова","Фёдорович","msavin@example.org","Cqr-54932"
"Americo Romaguera","Владимировна","Наталья","Рожковаа","oleg.galkin@example.com","%T25860wx"
"Dr. Will Crist MD","Екатерина","Шестакова","Романовна","tisakova@example.net","%Fab27391"
"Novella Lindgren","Фёдоровна","Марина","Зиновьеваа","galkina.nelli@example.net","kc%02589O"
"Tobin Mohr","Александровна","Ольга","Сидороваа","tarasova.valerian@example.com","34756pzY_"
"Amie Muller","Родион","Фёдорова","Владимирович","valentin.moiseev@example.net","okJ%92471"
"Mr. Charley Tremblay","Роман","Зимин","Романович","immanuil54@example.net","%inA27364"
"Dr. Justus Kirlin","Алексеевна","Розалина","Авдеева","adam.lobanova@example.com","42031osL-"
"Mr. Garett Schultz Sr.","Глеб","Устинов","Александрович","donat23@example.com","-tiI20563"
"Dr. Scot Towne","Диана","Тимофееваа","Львовна","kapitolina31@example.org","ks52607K_"
"Prof. Forrest Barrows PhD","Ева","Кондратьева","Владимировна","acernova@example.org","R13908_vf"
"Prof. Kylie McLaughlin","Фёдорович","Роберт","Егорова","grigoreva.ludmila@example.org","Hkq20678_"
"Reggie Skiles","Борисовна","Ярослава","Максимова","dsafonov@example.org","G19320%zf"
"Miss Lillian Walter MD","Татьяна","Рыбаковаа","Владимировна","misina.avgust@example.com","dw61350_Q"
"Dr. Guiseppe Weissnat","Ростислав","Баранов","Андреевич","dmarkov@example.org","qd72841-F"
"Ofelia Gerhold","Платон","Борисов","Евгеньевич","anastasia.rusakova@example.net","X93427-po"
"Greyson Barton DDS","Иванович","Андрей","Фёдоров","okudravcev@example.org","mk_Q23604"
"Edd Parker IV","Назар","Белякова","Львович","kulakov.kapitolina@example.org","_04125hfY"
"Mrs. Adele Yundt Jr.","Александрович","Милан","Савельев","dmitriev.rostislav@example.org","ha13675_G"
"Hector Pfannerstill","Ирина","Крюкова","Александровна","vladimir.bogdanova@example.org","Cpq85734-"
"Quinn Marks","Фёдоровна","Люся","Мельниковаа","dpanfilov@example.org","M45761_pv"
"Prof. Bennie Waters","Константин","Козлова","Сергеевич","hmelnikov@example.net","H-tk68409"
"Miss Meredith Mohr III","Дмитриевич","Никита","Горбунова","antonin.zaharov@example.net","wa14325B-"
"Mrs. Augustine Kerluke","Захар","Комарова","Александрович","nsorokin@example.com","Ocr-90817"
"Prof. Jayce Wehner MD","Марина","Николаеваа","Андреевна","aterenteva@example.net","56291-alK"
"Prof. Shanie Bergnaum","Мальвина","Дементьева","Владимировна","rabov.ignatij@example.org","wdW%83261"
"Carol Turcotte","Фёдорович","Тит","Тихонова","ibelaev@example.org","T17259hp-"
"Christelle Lueilwitz","Ефим","Коновалов","Алексеевич","nonna.zaharova@example.org","Y70563_sn"
"Jude Will","Сергеевна","Анфиса","Белоусова","vkalinin@example.net","18573_Yes"
"Amir Mueller","Романовна","Рената","Логинова","timofej50@example.com","N82541_ou"
"Kaylin Hansen","Нестор","Колобов","Фёдорович","sprohorova@example.org","C90351-mj"
"Jazmyn Gibson","Юлий","Калашников","Алексеевич","udina.taras@example.org","%an52183A"
"Maximillia Rippin DVM","Ксения","Крыловаа","Фёдоровна","kuvarov@example.org","Z29386ud_"
"Prof. Orrin Grady","Гарри","Яковлева","Владимирович","bvlasov@example.org","_F89307yd"
"Opal Cormier","Святослав","Осипова","Дмитриевич","doronin.radislav@example.org","%X38641jf"
"Judy Ledner","Валентин","Белякова","Сергеевич","dorofeeva.raisa@example.org","rl17629%Q"
"Dejuan Welch I","Виктория","Фроловаа","Евгеньевна","ulia.serbakova@example.com","C-67903ky"
"Jalen Wiza","Светлана","Корнилова","Владимировна","iosif.nazarova@example.net","62195rl-U"
"Thora Price","Сергеевна","Ника","Пахомоваа","vasilisa31@example.net","_43615Rxz"
"Mr. Darian Jacobi","Василий","Елисеев","Евгеньевич","samojlov.zoa@example.net","ad06798_P"
"Miss Alysson Casper II","Дмитриевна","Алиса","Анисимоваа","gleb15@example.com","%Awb20439"
"Dorris Nienow","Дмитриевич","Стефан","Аксёнова","fdenisov@example.com","by20378%P"
"Sonny Farrell","Георгий","Петухова","Борисович","zahar25@example.com","_ig48371V"
"Ms. Elda Skiles Jr.","Борисовна","Тамара","Ивановаа","nekrasova.marina@example.org","xk_O07283"
"Prof. Kale Hills","Раиса","Колобова","Ивановна","zkudrasov@example.net","T_do79263"
"Maybelle Toy","Всеволод","Лихачёв","Дмитриевич","bogdan.kolobova@example.org","Axv-02497"
"Ms. Ollie Bechtelar MD","Вера","Мельниковаа","Сергеевна","kevdokimova@example.com","Y64028-ev"
"Tristin Pagac","Анатолий","Овчинников","Александрович","burov.izolda@example.net","T%al51307"
"Alta Grimes","Фёдорович","Филипп","Белова","zaharova.ulia@example.com","21354Llr_"
"Miss Bria Bechtelar I","Флорентина","Савина","Евгеньевна","oorehov@example.com","qz59247F_"
"Cloyd Halvorson","Андреевна","Виктория","Веселова","tsoloveva@example.net","-fmO28176"
"Cruz Rempel","Борисовна","Вероника","Боброва","burov.david@example.net","_34582Mhf"
"Godfrey Schmidt","Максимовна","Валерия","Ивановаа","dtarasova@example.com","-ia79510A"
"Elza Hegmann","Стефан","Суханов","Александрович","bnovikov@example.net","56913Jql%"
"Ms. Zetta Feil Jr.","Людмила","Воробьёваа","Евгеньевна","mzuravleva@example.net","_Xul24160"
"Neoma Torp","Спартак","Мишина","Львович","evgenia.romanova@example.com","47296%zcL"
"Carolina Leannon","Андреевна","Клементина","Ефимова","ana95@example.org","_21045Xpa"
"Jeanie Hamill","Дина","Зуева","Евгеньевна","aksenov.prohor@example.net","42613zo%A"
"Peggie Schmidt","Болеслав","Вишняков","Александрович","lidia.zukov@example.org","75860Ykn-"
"Flossie Mitchell","Евгения","Бурова","Алексеевна","rborisov@example.net","pr63451_Q"
"Tyrique McLaughlin","Борисович","Юлий","Беспалова","kulakov.sofia@example.com","_jp49670W"
"Loren Jakubowski IV","Сергеевич","Глеб","Потапова","dmitrij82@example.com","68019um-B"
"Grayson Hills","Жанна","Зиновьева","Максимовна","bnovikov@example.com","B_04918ox"
"Maximillia Kunde","Вера","Шароваа","Сергеевна","wturova@example.net","73642C_tq"
"Dr. Manuel Renner IV","Ивановна","Ярослава","Федосеева","rostislav.krylova@example.com","16854_sbM"
"Ewald Beatty","Алексеевна","Людмила","Филатоваа","lvorobeva@example.org","jaE62834%"
"Prof. Cale Cummerata Sr.","Ева","Борисоваа","Борисовна","anatolij41@example.net","pqN-19704"
"Dr. Phyllis Considine","Таисия","Мельниковаа","Фёдоровна","tatana.sestakova@example.net","Y_62789yo"
"Jonathan Bergnaum","Рада","Кабановаа","Андреевна","tzykova@example.net","%Bms04925"
"Prof. Jackie VonRueden","Альбина","Чернова","Львовна","afanasij89@example.org","45732wr%S"
"Caleb McCullough","Раиса","Иванова","Алексеевна","mgorbacev@example.net","J75861yf%"
"Sophie Smitham","Влад","Кабанов","Владимирович","vlad.bobrov@example.com","E%87139sa"
"Francesca Hegmann","Жанна","Поповаа","Евгеньевна","zanna95@example.com","ob_H93487"
"Delores McDermott","Борисович","Владислав","Капустин","arkadij30@example.org","cjB_78426"
"Lura Gottlieb","Владлена","Макароваа","Фёдоровна","psysoeva@example.com","49356Fto%"
"Miss Emmie Crist III","Владимировна","Антонина","Ждановаа","vorobeva.polina@example.org","npZ59826_"
"Durward Rau IV","Максимовна","Дина","Галкина","samojlova.aroslav@example.net","02145Eyd_"
"Zackery Kilback","Максим","Савина","Борисович","adrian.nikolaev@example.com","bkU%24709"
"Miss Mazie Kohler","Изабелла","Рябова","Романовна","lkrylov@example.org","97053le-Z"
"Mozelle Tremblay","Елизавета","Горбунова","Романовна","mark.doronin@example.net","za%E40158"
"Harold Trantow DDS","Георгий","Доронин","Андреевич","bobylev.tit@example.net","34798%Ril"
"Bernie Christiansen","Флорентина","Кирилловаа","Сергеевна","vladlena91@example.net","az45392J-"
"Amelia Flatley","Романович","Сергей","Копылова","uvarov.spartak@example.net","%es71435R"
"Shanie Bosco","Александровна","Зоя","Трофимоваа","loginova.rostislav@example.com","_70436Qwz"
"Jayde Medhurst","Максимович","Александр","Ситников","bsimonov@example.org","23845-bdF"
"Karley Windler","Ярослава","Пономарёва","Фёдоровна","gavriil.ignatev@example.org","58024siH-"
"Annalise Kris Jr.","Семён","Шарапов","Максимович","jbragin@example.com","_wzO57301"
"Jeramy Purdy MD","Семён","Колобов","Алексеевич","jkostin@example.com","-60395Hev"
"Robb Langworth","Нонна","Силинаа","Романовна","nelli.guseva@example.com","_Hjo64079"
"Idella Luettgen","Яков","Сысоев","Алексеевич","spartak96@example.org","Y_ph25917"
"Leon Reilly V","Владимирович","Трофим","Никитина","dementev.artur@example.com","23168es%V"
"Vida Wintheiser","Доминика","Беловаа","Евгеньевна","dobryna.simonov@example.org","62043Jar%"
"Clark Hammes","Иванович","Лев","Фомичёва","ateterin@example.org","hlL%95708"
"Dr. Emmett Runolfsson","Маргарита","Семёноваа","Алексеевна","jgrigorev@example.org","jhV90468%"
"Destini Jacobs","Искра","Кудрявцева","Борисовна","rabova.roman@example.org","20758-Ibe"
"Aracely Morar","Филипп","Ефремов","Борисович","izolda33@example.net","tsR%28539"
"Garry Reichel","Арсений","Александрова","Владимирович","seliverstova.marina@example.org","-ql10254A"
"Cullen Kreiger","Эльвира","Воронова","Романовна","prohorov.leonid@example.net","60891_pnD"
"Devonte Gutkowski DVM","Юлия","Агафонова","Александровна","eliseeva.aleksandra@example.com","tlI95326-"
"Eric Wilkinson","Ивановна","Валерия","Герасимова","aefimov@example.org","hiN49530-"
"Precious Considine IV","Андрей","Игнатов","Евгеньевич","bogdanova.faina@example.net","S%30758kh"
"Kamren Cremin","Изольда","Исакова","Евгеньевна","dina34@example.net","_50763klI"
"Brennan Blanda","Степан","Матвеева","Евгеньевич","fomicev.urij@example.net","B63891_qu"
"Prof. Jo Hettinger Jr.","Виталий","Орехова","Фёдорович","danila03@example.org","_28306ptE"
"Brandy Emard","Александровна","Марина","Ширяева","andrej.aleksandrova@example.com","zj%D09168"
"Mr. Jocelyn Bailey Sr.","Сергеевна","Мальвина","Шарапова","borisov.adrian@example.com","rg05836-U"
"Buddy Parisian","Вячеслав","Блохина","Максимович","crusakova@example.org","_cx14703B"
"Kathryn Bernhard I","Святослав","Ефремова","Борисович","wkrylov@example.com","Iab-02167"
"Arlo Runolfsson","Елена","Власова","Дмитриевна","muhin.bogdan@example.net","Z%sg58430"
"Cielo Denesik","Екатерина","Михеева","Андреевна","abram34@example.com","17436tsR_"
"Dr. Timothy O'Keefe III","Лариса","Николаеваа","Дмитриевна","nikodim.frolova@example.com","-G57036so"
"Prof. Nicola O'Connell PhD","Лилия","Денисоваа","Владимировна","alisa.denisov@example.net","%39270yfD"
"Camren Conn","Владимирович","Адриан","Дроздова","dara24@example.com","U-ip04658"
"Tremayne Stokes","Александрович","Иосиф","Данилова","anazarov@example.net","%ly71385M"
"Audreanne McKenzie MD","Романовна","Нина","Лобанова","bmorozova@example.net","82570aiR-"
"Jorge Kovacek","Светлана","Пахомоваа","Львовна","guseva.adam@example.net","qg12965K%"
"Beaulah Moore","Андреевна","Полина","Журавлёваа","wsamojlov@example.net","ku%G94537"
"Ms. Yasmin Weimann","Романовна","Лидия","Гавриловаа","dorofeeva.vasilisa@example.com","W37149%io"
"Bo O'Conner","Андрей","Романова","Львович","akov.tihonov@example.net","%pc65038L"
"Jana Lehner","Евгеньевна","Людмила","Кузнецоваа","uagafonov@example.net","59106-soD"
"Dr. Jasen Von III","Иванович","Артур","Беспалова","ermakov.lilia@example.net","ne03167V-"
"Polly Nicolas","Софья","Беляеваа","Сергеевна","cmiheeva@example.com","51347%wbQ"
"Kaylie Brown","София","Николаева","Андреевна","nsuhanova@example.org","78132ln_V"
"Felipe Gaylord","Марта","Кудрявцеваа","Ивановна","kulikov.rozalina@example.org","S03986%to"
"Mr. Cameron Bayer Jr.","Ян","Фролова","Александрович","worlov@example.com","_woH06975"
"Mr. Isaac Carter","Алиса","Савельева","Андреевна","ananij84@example.org","%20136wsA"
"Stephen Corwin","Влад","Кондратьев","Львович","emma10@example.net","%bn34825D"
"Breanna Pollich","Максимовна","Екатерина","Абрамоваа","miheeva.sofia@example.com","poH_65902"
"William Farrell","Марина","Соловьёва","Александровна","nina.timofeeva@example.com","-dg71609A"
"Maida Huel","Злата","Щербакова","Александровна","akim.eliseeva@example.org","F19823_vx"
"Antoinette Konopelski","Александрович","Ефим","Чернова","makarova.bronislav@example.com","Y%du59723"
"Prof. Carlos Cole","Фёдорович","Виль","Брагин","maslova.vladimir@example.org","74263ut%R"
"Jerry Larkin IV","Альбина","Абрамоваа","Романовна","maria67@example.org","%73096obX"
"Evans Kub","Евгеньевич","Герасим","Тарасова","vpestova@example.org","br_D34907"
"Clovis Schinner","Ивановна","Вероника","Гавриловаа","lilia.kolobov@example.net","74952cm%N"
"Newell Runte","Евгеньевич","Фёдор","Котов","oksana.fedotova@example.net","B-42697ew"
"Holden Blick","Ивановна","Клара","Макароваа","ovcinnikov.illarion@example.com","fb48239-X"
"Giovani Russel","Романовна","Вера","Зуева","olga73@example.org","Q59803_vm"
"Dr. Alf Mosciski I","Владлена","Фёдороваа","Максимовна","lilia.cernov@example.net","_E18740yk"
"Lincoln Smitham","Николай","Пономарёва","Львович","qsemenova@example.org","pbW%82704"
"Ezequiel Stark","Львовна","Лариса","Овчинникова","xtihonov@example.net","%50214dqU"
"Dulce Labadie","Всеволод","Мамонтов","Иванович","klavdia58@example.net","-65843Der"
"Loraine Conroy","Львович","Тит","Брагина","gleb.martynova@example.com","Agz%09471"
"Marty Erdman","Аркадий","Мухин","Алексеевич","evgenij32@example.org","I71869oe_"
"Dr. Oswaldo Kuvalis DDS","Алексеевна","Эмма","Князеваа","anfisa21@example.com","vg50724_K"
"Nigel Reichert","Павел","Лазарев","Евгеньевич","fedosa.zimin@example.org","en92735-X"
"Furman Kuvalis","Надежда","Пономарёваа","Романовна","ulana.gorskova@example.net","Vtb_68972"
"Vincenzo Hermann","Борисович","Иммануил","Титов","tamara27@example.com","G%47306wn"
"Lafayette Sawayn I","Фёдоровна","Федосья","Кабановаа","gureva.inessa@example.org","_hgQ42635"
"Dr. Dorothea Yost V","Валерий","Пахомова","Фёдорович","boris75@example.org","%Qol76493"
"Icie Murray","Дмитриевна","Нина","Прохорова","birukov.viktor@example.org","_Msw43075"
"Joanny Botsford","Светлана","Кудряшова","Сергеевна","lubov69@example.com","%haD45692"
"Major Senger","Данила","Дмитриев","Александрович","ludmila81@example.org","da_27394J"
"Wallace Sporer","Майя","Афанасьева","Андреевна","ulian.vlasova@example.net","Qin%90217"
"Lupe Ritchie","Спартак","Филатова","Иванович","gerasim00@example.org","qk34072B%"
"Mrs. Hollie Orn","Владимирович","Иннокентий","Макарова","florentina29@example.com","_52860Cmd"
"Prof. Loyal Hayes","Юлий","Зиновьев","Львович","fkornilova@example.org","G%wl45768"
"Gay Harber","Изольда","Дмитриеваа","Львовна","valerian.teterin@example.net","%T24637aq"
"Erick Jenkins","Данила","Авдеев","Романович","akim32@example.com","szF23685_"
"Dr. Natalia Koelpin","Семён","Кудряшова","Львович","emma.efimova@example.org","ntN57892_"
"Tanner Lebsack","Витольд","Блинов","Львович","varvara.strelkova@example.org","B09568_vg"
"Eleazar Lemke","Кристина","Лапинаа","Андреевна","ignatev.rafail@example.net","J_79485cq"
"Miss Augustine Harber","Лидия","Марковаа","Львовна","dina.solovev@example.net","42701ioW_"
"Joesph Robel","Владимирович","Афанасий","Артемьева","lilia35@example.com","-Ygo84769"
"Savanna Mitchell","Ирина","Дмитриева","Дмитриевна","gleb.doronina@example.net","er%30951R"
"Mallie Cruickshank","Иванович","Степан","Мухин","taras.agafonova@example.net","fq82961_J"
"Macie Fritsch","Макар","Воронцов","Алексеевич","garri.isaev@example.net","de-07526R"
"Richard Schuppe","Дмитриевич","Юрий","Рябов","vsevolod.belousova@example.net","-ja65743B"
"Dr. Gilbert Hill","Алексеевич","Владлен","Карпова","german.sazonov@example.org","L%hp93826"
"Khalid O'Conner","Майя","Михееваа","Алексеевна","milan90@example.net","76438lt_R"
"Emilia Rosenbaum","Алексеевич","Афанасий","Уварова","boleslav.veselova@example.net","ia24539%L"
"Madison Feil","Яна","Носова","Дмитриевна","taras.merkusev@example.org","W_54379ap"
"Ms. Shany Ledner I","Ульяна","Рожковаа","Алексеевна","antonin99@example.org","-N26497sh"
"Vivienne Torphy V","Альбина","Рябоваа","Романовна","albina.isaeva@example.net","_ad86014O"
"Ed Hirthe","Владислав","Авдеева","Владимирович","mpestov@example.org","J45782%ja"
"Miss Kayla Kohler III","Эмилия","Александрова","Дмитриевна","geliseev@example.com","Rjo41069_"
"Ms. Gertrude Sporer","Анастасия","Блохинаа","Сергеевна","ekaterina.kalasnikov@example.com","29840-ksW"
"Franz Rutherford","Лаврентий","Калашников","Сергеевич","xtitov@example.com","laU76251_"
"Woodrow Rippin","София","Селезнёва","Дмитриевна","matveeva.ruslan@example.net","fd92758%V"
"Emilie Lehner","Роман","Прохорова","Максимович","dmitrij.osipova@example.com","P%hv97540"
"Zoie Steuber","Милан","Силина","Александрович","ksenia78@example.com","H-ms72058"
"Daisha Kovacek","Сергеевич","Георгий","Лобанов","tit93@example.org","_tqU81265"
"Martina Lindgren","Дмитриевна","Дарья","Силина","suhanov.petr@example.org","-rp14593S"
"Ms. Aditya Feeney MD","Богдан","Матвеев","Сергеевич","smirnova.vitalij@example.org","niL%40187"
"Eula Reinger","Евгеньевна","Доминика","Авдеева","vcvetkova@example.net","_pl31569W"
"Michel Kuvalis MD","Романович","Георгий","Прохорова","ctitov@example.net","E-wi71564"
"Cierra Herzog","Марина","Фомина","Евгеньевна","varvara.saveleva@example.com","pg%G20715"
"Deshaun Boyle","Ивановна","Изольда","Зайцеваа","panfilova.varvara@example.org","14258lgL_"
"Tania Bode","Львович","Арсений","Молчанов","bvasilev@example.org","ozM-43860"
"Loyce Halvorson IV","Регина","Зайцеваа","Сергеевна","bmaksimov@example.com","H47521hy%"
"Melisa Jacobson","Станислав","Сафонова","Дмитриевич","molcanova.vadim@example.com","28319Q%lr"
"Mr. Herman Swaniawski Jr.","Александрович","Егор","Ефремов","kirillov.milan@example.com","17483Pbu-"
"Audrey Reichert","Фёдоровна","Люся","Романоваа","cvetkova.vladlen@example.net","40723M%hk"
"Bridgette Lakin","Марта","Харитонова","Андреевна","elvira.popov@example.org","O%yb24689"
"Miss Libby Kunde DDS","Ева","Носоваа","Дмитриевна","florentina.isakov@example.com","S72364_np"
"Felicita Doyle Sr.","Зоя","Никитинаа","Львовна","milan28@example.com","N82974_nt"
"Trycia Lindgren","Романович","Степан","Баранов","maksim.misin@example.org","_shI59028"
"Julianne Davis Sr.","Алексеевна","Анна","Елисеева","rada.dorofeeva@example.org","Brs-53246"
"Mr. Wilford Lesch IV","Алексеевич","Никодим","Горбачёв","dara86@example.org","yl53720M-"
"Rachelle Wisoky","Игнатий","Кириллова","Александрович","ulian.ignatova@example.net","viG%20931"
"Kayden Weber","Романовна","Лилия","Горбачёваа","tihonova.valerian@example.org","hp24016_D"
"Fidel Kutch II","Игорь","Тарасов","Львович","fokin.nestor@example.com","O-sa25473"
"Luther Rath","Сергеевна","Людмила","Андреева","nazar.fomicev@example.com","Fjf52491%"
"Granville Barton","Савва","Трофимова","Борисович","anatolij32@example.net","68173vl_O"
"Collin Kshlerin","Александрович","Дан","Игнатов","dkolesnikov@example.com","whX%34607"
"Miss Marcelle McGlynn","Ивановна","Софья","Кондратьеваа","mseleznev@example.net","_I38261cp"
"Garrick Hills","Борисовна","Люся","Шашковаа","vlad.belova@example.org","-Fqe06384"
"Quinton Lesch","Дмитриевна","Марта","Сорокина","jsilin@example.org","rc-H05839"
"Sterling Sipes I","Софья","Щербаковаа","Романовна","tatana01@example.net","of69820-U"
"Oliver Hane","Мальвина","Якушева","Борисовна","vladimir.fedorov@example.com","%pg54138N"
"Wilhelm Kerluke","Светлана","Дроздова","Ивановна","aleksandr98@example.com","23480gs%A"
"Alyce Thiel","Лада","Архипова","Ивановна","ulana.uvarova@example.com","Bwg90267_"
"Gussie Miller IV","Александрович","Стефан","Сазонов","noskov.lusa@example.net","08293Orb%"
"Shemar Kulas I","Инга","Максимова","Алексеевна","panfilov.irina@example.net","49267okG%"
"Gilda Doyle","Владлена","Веселова","Сергеевна","agromov@example.net","15476roG-"
"Mrs. Helena O'Conner","Александра","Харитонова","Ивановна","magafonov@example.net","ijK-98713"
"Callie Nikolaus","Адриан","Шаров","Александрович","cveselov@example.net","-P71039ub"
"Mr. Emiliano Kohler V","Алексей","Петухова","Борисович","siraev.zlata@example.org","_41782szA"
"Aniyah Little","Максимовна","Елена","Вишняковаа","muraveva.valentina@example.net","D%31608lp"
"Prof. Leopoldo Mante Sr.","Лев","Силина","Борисович","vdementeva@example.com","71326C%hu"
"Robin Hansen","Рафаил","Панова","Александрович","jsavelev@example.org","03958ny-J"
"Kamryn Farrell","Фёдорович","Богдан","Рогов","molcanova.lilia@example.com","30145dk-N"
"Jamel Hamill","Святослав","Ковалёв","Андреевич","zoa.petuhova@example.net","be%I37640"
"Amber Will","Феликс","Соловьёва","Романович","sorokin.lev@example.org","O50931nm-"
"Perry Leannon","Вячеслав","Власов","Романович","oksana.medvedev@example.com","Mmd_94715"
"Prof. Nina Weissnat","Вероника","Воробьёваа","Алексеевна","galina83@example.org","_58602bmB"
"Orlo Lueilwitz","Иванович","Сергей","Князева","mark.nikonova@example.com","E64715as_"
"Marge O'Keefe V","Алексеевич","Юрий","Быкова","valentina98@example.org","hwC-59672"
"Darien Haag","Матвей","Фёдоров","Дмитриевич","valentina.fomiceva@example.com","_iyH52689"
"Sarina Cronin","Абрам","Лебедева","Максимович","vasilisa.nikonova@example.net","_57813Ydv"
"Kian Kunde","Капитолина","Комарова","Сергеевна","grigoreva.abram@example.net","41253qlD-"
"Serena Boehm","Афанасий","Авдеев","Фёдорович","klavdia.knazeva@example.org","ut48069%N"
"Dr. Irving Beier","Борисовна","Оксана","Горшкова","naumov.alina@example.net","rj70983%Y"
"Rosalyn Auer","Мальвина","Шашковаа","Фёдоровна","btihonova@example.net","_Hbl02486"
"Ms. Gina Altenwerth Sr.","Фёдорович","Виталий","Филиппов","ulij.davydov@example.org","Iep49327-"
"Ms. Elody Renner III","Василиса","Субботинаа","Ивановна","klementina.zimina@example.org","A_pg12490"
"Celia Stroman","Дан","Кириллова","Максимович","artur09@example.org","lv-01395T"
"Favian Maggio","Иосиф","Костин","Романович","gtimofeeva@example.org","-30619axN"
"Spencer Auer","Львович","Эрик","Филатова","ekazakova@example.net","Qkh87420_"
"Marietta Turner DVM","Евгеньевич","Тит","Кириллова","artemij00@example.net","_gkH74531"
"Dr. Winnifred Beier","Романовна","Анфиса","Морозоваа","vaceslav.prohorova@example.com","E%84190mx"
"Olga Huel","Фёдоровна","Оксана","Максимова","eartemeva@example.com","-T52304gl"
"Regan Jaskolski DDS","Сергеевич","Ананий","Назарова","zlata.silov@example.org","52801A_cg"
"Alvera West","Максимовна","София","Третьякова","egor.terenteva@example.com","%rz61045V"
"Lilyan Douglas I","Максимович","Тимофей","Кудрявцев","nonna41@example.net","10865xo_J"
"Sabrina Emard","Нина","Соколоваа","Андреевна","boris.nikiforova@example.net","-09725Ckj"
"Zola Pagac","Михаил","Родионов","Иванович","alina47@example.org","X_rt91205"
"Beth Morissette","Романовна","Мария","Смирнова","ufilippova@example.com","%knP01764"
"Miss Elvera Ullrich Jr.","Влад","Козлова","Дмитриевич","gleb18@example.org","O_36872dr"
"Carole Senger","Эльвира","Денисова","Евгеньевна","ignateva.grigorij@example.net","92360Sxw_"
"Marge Brakus","Алексеевич","Нестор","Сысоева","vgorbacev@example.net","_17306raX"
"Jaren Goyette DVM","Сергеевна","Эмилия","Зуева","karpov.lilia@example.net","69870Pht_"
"Ms. Lia Gibson Sr.","Владимирович","Павел","Филатов","iraklij.samsonova@example.org","95107%Riq"
"Austyn Mueller","Владимирович","Ростислав","Медведева","safanaseva@example.org","bjJ_96058"
"Uriel Lehner","Евгеньевна","Виктория","Никифороваа","odincov.urij@example.org","Twi%94063"
"Mrs. Kelsie Ritchie IV","Романович","Никодим","Петухов","apollon37@example.net","M_18936df"
"Domenico Gutmann","Иванович","Абрам","Воробьёв","efremova.ulia@example.org","_57913Lbg"
"Rollin Gibson","Гарри","Тарасова","Борисович","strelkova.ulian@example.org","20681J-xj"
"Prof. Kari Kiehn","Никита","Быкова","Алексеевич","innokentij.fedoseeva@example.org","63580%ieR"
"Mr. Clinton Feest II","Львович","Аполлон","Колобова","ulana91@example.org","Zno35619%"
"Weldon Kohler","Тарас","Щербакова","Дмитриевич","davydov.lusa@example.org","-19804dqW"
"Crawford Stracke","Максимовна","Изабелла","Колесникова","anzelika88@example.net","%zw53840Y"
"Katelin Ward","Александровна","Рада","Лыткинаа","kulikov.galina@example.org","mhW74250-"
"Catharine Rau","Тарас","Одинцова","Максимович","okomissarov@example.org","_Z71629gd"
"Prof. Dereck Bergstrom V","Нелли","Суханова","Максимовна","popova.anton@example.org","%cpM14235"
"Torey Cassin","Романович","Арсений","Воронцов","apotapov@example.com","98026ya%I"
"Kali Kunze","Фёдоровна","Люся","Русаковаа","eva97@example.org","35146Q-vf"
"Sunny Nikolaus","Макар","Ситников","Евгеньевич","melnikov.veronika@example.net","Nqw48612%"
"Miss Hortense Beatty","Дмитриевич","Назар","Калинина","klavdia14@example.org","kp_76325C"
"Jordan Hintz","Борисовна","Марина","Потаповаа","kalasnikova.ignatij@example.com","jkL61742-"
"Dr. Jennifer Kirlin I","Евгения","Логинова","Алексеевна","ystepanov@example.com","%lvK18579"
"Jordi Stamm","Алексеевич","Данила","Капустин","inna.tretakova@example.org","-keS82630"
"Yoshiko Pfannerstill","Алексеевна","Альбина","Яковлеваа","raisa88@example.net","%95042yjX"
"Jayson Muller","Пётр","Сидоров","Борисович","esysoeva@example.org","%Fvc61725"
"Miss Myra Thiel","Андреевич","Вячеслав","Богданова","belozerov.german@example.org","36170usR_"
"Ivory Keeling PhD","Андреевич","Викентий","Гуляев","kkiseleva@example.net","qx-09384H"
"Mr. Brent Lindgren","Лев","Миронов","Алексеевич","aksenov.fedosa@example.org","Iqx-85692"
"Geraldine Roberts MD","Владимирович","Аким","Зимина","anzelika.fokina@example.net","%29075Odk"
"Hobart Huel","Владимировна","Наталья","Суханова","kapustina.elizaveta@example.com","-80147cgL"
"Ashlee Collins","Донат","Титова","Фёдорович","larisa43@example.org","82513S-sx"
"Mr. Rylan Kiehn Jr.","Евгеньевич","Нестор","Овчинников","diana70@example.com","ty69421A_"
"Dr. Leora O'Conner","Матвей","Князева","Александрович","david.belaeva@example.org","emM16483_"
"Taylor Bruen","Александровна","Василиса","Крыловаа","bogdan04@example.com","89715Yiz%"
"Prof. Jasmin Spencer","Елена","Ждановаа","Александровна","kromanova@example.net","C_31754ti"
"Kareem Cremin","Диана","Мироноваа","Ивановна","fedosa.ustinov@example.net","hy28734U-"
"Jany Mohr","Евгеньевна","Лариса","Юдина","vlad.krylova@example.com","wa_O84602"
"Katherine Klein","Инна","Пановаа","Андреевна","dlobanov@example.net","L34819gc_"
"Frida Denesik II","Андреевич","Артемий","Калашникова","matvej.akovleva@example.org","_bp96587V"
"Arvilla Schimmel","Владимир","Горбунова","Романович","rmasnikov@example.com","%92357udO"
"Kim Tremblay","Фёдорович","Игнатий","Ситников","dominika89@example.com","dsL%31842"
"Ray Jones","Варвара","Никитина","Алексеевна","rsemenova@example.net","26903%siB"
"Halle Marks","Игнат","Пестова","Андреевич","bronislav30@example.net","noE%32760"
"Mr. Cristian Adams","Дмитриевна","Капитолина","Щербаковаа","usavelev@example.org","53869dm-F"
"Elisha Thompson V","Лев","Самсонова","Сергеевич","vaceslav66@example.org","41702heB_"
"Prof. Breanna Corwin","Марина","Бирюковаа","Владимировна","okotov@example.net","29856jaD-"
"Dr. Sim Block Jr.","Фёдорович","Антон","Денисов","silova.savva@example.org","%A39460lv"
"Seth Wunsch","Клавдия","Калининаа","Ивановна","vsevolod.alekseeva@example.net","cj83691S-"
"Petra McLaughlin Jr.","Алексеевич","Станислав","Кондратьева","dara04@example.com","-71956Oea"
"Sedrick King","Сергеевич","Альберт","Константинова","bbobrov@example.org","dm39705Z-"
"Franz Becker","Глеб","Пестова","Дмитриевич","artemev.german@example.org","P%pu90162"
"Prof. Delfina Steuber","Фёдорович","Тимофей","Зиновьева","tihonova.dominika@example.com","J%12564bg"
"Prof. Hiram Skiles I","Александровна","Эльвира","Пановаа","nikolaj.belaeva@example.net","27361jdQ%"
"Dr. Jarrod Zulauf DDS","Клим","Колобов","Фёдорович","klavdia42@example.org","50476K%ao"
"Dr. Rhiannon Grimes PhD","Фёдорович","Болеслав","Евсеев","aleksandra.gorbunova@example.org","S-40731ct"
"Joshuah White Jr.","Викентий","Евдокимова","Сергеевич","polina.miheeva@example.org","83629-xpV"
"Miss Hassie Watsica","Романович","Константин","Меркушева","ffedorov@example.org","J93714_rk"
"Prof. Jaydon Luettgen","Тарас","Наумов","Сергеевич","rafail.aksenova@example.org","ruK16439-"
"Dr. Natalie Lockman","Борисович","Эрик","Шилова","jegorov@example.org","30596-zqB"
"Miller Mitchell","Романовна","Ева","Ефремова","ivan08@example.net","02987kgR-"
"Kariane Hyatt","Геннадий","Юдин","Владимирович","jcvetkov@example.com","%Z02367iu"
"Prof. Winnifred Von I","Надежда","Жукова","Евгеньевна","pahomova.nikodim@example.org","wn18592H%"
"Miss Anahi Hermiston","Артур","Маркова","Алексеевич","kirill88@example.net","aj15803I-"
"Ernie Weber","Андреевна","Маргарита","Горшкова","fvorobev@example.net","72640%yqC"
"Kirsten Mann","Святослав","Уварова","Андреевич","koselev.filipp@example.net","xiK80426_"
"Dominique Fahey","Александровна","Эльвира","Боброваа","xnikolaeva@example.net","S71498_jr"
"Ms. Vernie Hyatt PhD","Андреевич","Артур","Блохин","zgolubeva@example.net","-40892Gfq"
"Catherine Rippin","Лидия","Даниловаа","Максимовна","nikolaj.safonova@example.com","80157veG_"
"Marques Paucek","Сергеевна","Анна","Крыловаа","vladlena.volkov@example.com","%96738Wpm"
"Jeremy Towne DVM","Артём","Кириллова","Иванович","kbogdanova@example.com","syG%19540"
"Colton Wilderman","Александрович","Ефим","Зайцев","robert17@example.com","38097wb-B"
"Caleigh Skiles","Владимирович","Филипп","Сафонов","orlova.abram@example.org","-mk18395R"
"Dr. Regan Ziemann","Игнат","Трофимова","Алексеевич","diana03@example.com","36175jg%I"
"Miss Daniella Mitchell Sr.","Максимович","Андрей","Селезнёва","vadim.gerasimov@example.net","01542_Fev"
"Sheila Marks","Александровна","Марина","Крылова","gnovikova@example.net","A12749%va"
"Katelynn Volkman","Макар","Сазонова","Борисович","aroslava82@example.com","_ar85640J"
"Hayden Spencer","Львовна","Яна","Федотова","anna47@example.org","92670-gsX"
"Gregoria Monahan","Алексеевна","Надежда","Щербаковаа","edorofeeva@example.com","01374Pec_"
"Mr. Raleigh Mante III","Борисович","Никита","Боброва","kisaev@example.org","jsV47602-"
"Leif Cruickshank","Владлен","Дементьева","Александрович","lidia42@example.net","-nmL98527"
"Jennyfer Bradtke","Геннадий","Фомина","Борисович","sofa.lebedeva@example.org","%ly59084H"
"Wilbert Wisoky","Львович","Матвей","Субботина","sergej.uvarov@example.org","35417Wny-"
"Mr. Kamren Botsford","Романович","Дмитрий","Горбачёва","eduard34@example.com","P73512%go"
"Katlynn Buckridge","Андреевич","Валериан","Исаева","iturova@example.org","_E12879cd"
"Grace Mann","Давид","Гордеева","Сергеевич","grigoreva.valentin@example.org","R%zp98306"
"Phyllis Klocko","Вячеслав","Бобылёва","Максимович","rada.simonov@example.com","Jdz79026-"
"Aletha Thompson","Розалина","Ильина","Евгеньевна","nikolaj84@example.org","%dz75432D"
"Chasity Roberts Sr.","Прохор","Третьяков","Андреевич","timofej.ivanova@example.net","P_23458az"
"Estel Klein","София","Кузнецова","Евгеньевна","valeria.blohina@example.net","56947Qrb%"
"Ronaldo Lebsack","Любовь","Колобоваа","Евгеньевна","tatana25@example.org","yx_06923D"
"Raymundo Littel","Иннокентий","Герасимов","Фёдорович","zanna09@example.org","59786F%pk"
"Theo Ryan","Леонид","Анисимов","Евгеньевич","taisia.kononov@example.com","si70895Y_"
"Mitchel Larkin","Станислав","Захаров","Андреевич","vasilij31@example.org","Xga26947-"
"Lowell Howell","Изабелла","Ширяева","Дмитриевна","matveev.valentina@example.org","%I20634zl"
"Alexander Strosin Jr.","Изольда","Петухова","Максимовна","akim53@example.com","Mzq-50746"
"Earnest Schmidt","Дмитрий","Афанасьева","Максимович","lubov31@example.net","_aj40263Q"
"Prof. Jalen Crist","Кирилл","Фадеев","Владимирович","ignatov.viktoria@example.net","vs_06749Z"
"Bernita Keebler","Рада","Давыдова","Андреевна","konstantin99@example.org","%43678xgI"
"Prof. Everett Satterfield PhD","Федосья","Рожковаа","Фёдоровна","nikodim92@example.org","60897gtL_"
"Ms. Lucy Purdy","Владимирович","Антон","Фомин","denis50@example.net","-U84697yf"
"Efrain Mayer I","Зоя","Александроваа","Андреевна","pahomov.taisia@example.net","_E78352wa"
"Gaston Dooley","Вадим","Гуляев","Владимирович","fsuvorova@example.org","%78543Ybj"
"Henriette Roob","Евгеньевич","Афанасий","Юдин","oksana.siraeva@example.com","W32086qj_"
"Hudson McKenzie","Фёдорович","Вадим","Гордеева","kuzma78@example.com","%64523Gpq"
"Dr. Vickie Emard I","Изабелла","Комиссароваа","Львовна","dbobyleva@example.org","85407ixH_"
"Dr. Sammy McClure","Александрович","Антонин","Максимов","evgenia.bespalov@example.net","vl_K62301"
"Jalon Zieme","Люся","Киселёва","Евгеньевна","elvira.matveev@example.org","%G19084df"
"Aylin Nader","Олеся","Анисимоваа","Александровна","georgij87@example.com","I-01739ji"
"Tremaine Corkery","Романовна","Антонина","Котова","sofia.dementeva@example.net","76983%lfW"
"Prof. Coty West MD","Владимировна","Олеся","Воронцоваа","andrej15@example.com","lpM48537-"
"Abbey West PhD","Всеволод","Бирюков","Сергеевич","iskra55@example.net","-lc73192A"
"Clint Russel","Артур","Шубин","Львович","ealeksandrova@example.com","47295L%za"
"Emelie Konopelski","Дмитриевич","Аким","Захаров","kristina33@example.net","bu82410_W"
"Alda Gusikowski","Юлиан","Григорьева","Алексеевич","svetlana.volkov@example.com","ngS81564%"
"Dr. Emmett Oberbrunner Sr.","Илья","Кириллова","Евгеньевич","nikolaj.andreev@example.org","06984Lbt_"
"Dr. Teresa Murphy","Никита","Кулакова","Иванович","artur.zueva@example.com","Xka71392-"
"Julien Thompson","Андреевич","Гарри","Фомин","malvina39@example.org","mf37916P%"
"Brock Von","Александрович","Игорь","Суворов","german46@example.com","57426vr-Y"
"Lura Hane","Регина","Савинаа","Владимировна","mamontova.kirill@example.com","lt23095%E"
"Dr. Lambert Wyman","Макар","Кошелев","Александрович","klavdia.petrov@example.com","iqD95382-"
"Morton Collins","Львовна","Ярослава","Фадеева","klara.fomin@example.com","-V41508vw"
"Mr. Darron Mueller MD","Наталья","Захарова","Максимовна","fedosa.kondratev@example.net","djA_47156"
"Dr. Allan Stracke","Александровна","Нелли","Красильникова","nonna23@example.org","fm26759_B"
"Mr. Kade Nicolas","Георгий","Нестеров","Максимович","saskova.robert@example.com","de13406_T"
"Aurelio Kreiger","Таисия","Носковаа","Сергеевна","marat01@example.net","ni45198S-"
"Ricky Mitchell Jr.","Юлиан","Гурьева","Максимович","ckuzmin@example.com","rzG37091_"
"Ima O'Hara","Ярослав","Суворов","Александрович","xserbakova@example.com","Tvx-46019"
"Ms. Natalia Hegmann Sr.","Иванович","Бронислав","Лапина","miroslav.bobylev@example.net","M05741sv%"
"Mr. Wiley Pagac","Владимировна","Инга","Брагина","garri.zajcev@example.net","W%yw39168"
"Shany Fay","Львовна","Ирина","Вишнякова","stanislav02@example.net","oa54819-X"
"Cristal Schmeler","Мальвина","Мамонтоваа","Романовна","sergej.smirnov@example.net","%S36790qp"
"Bulah Bogisich","Розалина","Устиноваа","Львовна","maksimova.prohor@example.com","O_94687lw"
"Jarvis Friesen","Марат","Мельникова","Борисович","sharitonov@example.com","qf06738%K"
"Miss Henriette Kuhlman","Назар","Зыкова","Владимирович","vsokolov@example.net","hm67209_P"
"Elmer Kulas","Рафаил","Сысоева","Максимович","davydova.marta@example.org","zsG%02894"
"Sonny Kub Jr.","Евгения","Лихачёва","Алексеевна","efim15@example.org","-Hvo28345"
"Ms. Idella Watsica Jr.","Евгений","Архипов","Борисович","georgij34@example.net","19028I_al"
"Carley McCullough","Степан","Белякова","Максимович","filippov.nadezda@example.net","Q-14260pn"
"Elnora Lebsack Sr.","Львович","Сергей","Сазонова","lusa59@example.com","es_72064J"
"Bryon Erdman V","Дмитриевна","Олеся","Самойловаа","nestor.blohina@example.org","32169P%pb"
"Giovanny Lemke","Борис","Афанасьева","Борисович","nelli.ponomareva@example.com","16452at-S"
"Krystal Jacobson DVM","Романович","Захар","Тимофеев","viktor34@example.com","98051py%D"
"Loy Boyle","Борисович","Дмитрий","Муравьёв","faina.doronin@example.org","jtV-26497"
"Casandra Littel","Сергеевич","Гордей","Борисов","belova.lilia@example.org","08713lo-L"
"Georgiana Ferry DDS","Клара","Дмитриеваа","Борисовна","lpanfilova@example.org","24183_Unq"
"Shaniya O'Conner","Сергеевич","Александр","Абрамова","vasilij00@example.net","31549U_bv"
"Edwardo Hilpert","Фёдоровна","Анфиса","Герасимоваа","leonid99@example.net","sz_43019G"
"Prof. Lacey Keeling IV","Евгеньевич","Андрей","Андреев","fedosa99@example.com","29406Uxm%"
"Madelynn Metz","Романовна","Надежда","Логиноваа","saskov.georgij@example.org","_18396Rqa"
"Dillan Bauch","Ксения","Титова","Александровна","stanislav.makarova@example.net","Nuz29801-"
"Dianna Osinski V","Филипп","Коновалова","Романович","elizaveta79@example.org","59340%Jys"
"Dr. Llewellyn Jenkins","Изабелла","Гришина","Максимовна","tgordeeva@example.net","02398jo_J"
"Dr. Wayne Wilkinson II","Александровна","Елена","Капустинаа","afanasij57@example.com","98210V_nl"
"Norris Hintz","Маргарита","Большаковаа","Львовна","tamara10@example.net","W05834cy%"
"Nick Harris","Алексеевич","Матвей","Фомичёв","artemij61@example.net","75416Pcb-"
"Ms. Bianka Swaniawski","Романовна","Екатерина","Калинина","zajceva.antonina@example.com","73654siH-"
"Dr. Simeon Smith","Евгеньевич","Станислав","Быкова","sergeeva.filipp@example.org","Hml%17208"
"Miss Alta Watsica DVM","Елизавета","Архипова","Алексеевна","tkopylova@example.com","ka73425M-"
"Haylie Mosciski DVM","Андреевна","Ольга","Шашкова","pponomareva@example.org","23470-ovU"
"Mr. Owen Fisher IV","Владимировна","Евгения","Русаковаа","anfisa88@example.net","76093S%ng"
"Hayden Tremblay PhD","Стефан","Дорофеева","Владимирович","radislav27@example.net","%E32147xr"
"Amie Blick","Алёна","Шараповаа","Алексеевна","rbelaeva@example.com","61584%gtM"
"Miss Alexane Veum III","Сергеевич","Гарри","Степанова","larisa.krukova@example.com","97260S-oi"
"Mrs. Celine Waters","Ростислав","Некрасова","Фёдорович","nikodim23@example.com","mr68145%V"
"Albertha Lueilwitz III","Клим","Тетерина","Романович","gusin.bronislav@example.org","V16935vj%"
"Clark Huels","Милан","Бобров","Фёдорович","evdokimova.gleb@example.org","ifW_15798"
"Prof. Antonio Feil","Клара","Калашниковаа","Александровна","nonna55@example.net","%Viv42518"
"Mr. Kaden Corkery MD","Александрович","Трофим","Колобов","gerasimova.vitold@example.net","Fez%06842"
"Imani Herman","Ольга","Королёва","Дмитриевна","bykova.anzelika@example.com","xuB%98105"
"Mack Kertzmann","Львович","Владлен","Цветков","larisa.teterin@example.org","xr25493-Q"
"Mrs. Kristina Reilly","Иннокентий","Фокина","Романович","smisin@example.net","uiV%71254"
"Jazmyn Hirthe","Иннокентий","Баранов","Борисович","hkonovalova@example.org","nf92475%F"
"Isobel Goldner","Максимовна","Светлана","Павлова","nonna83@example.org","qd_R46832"
"Pablo Glover","Ефим","Аксёнова","Иванович","lveselova@example.net","56139Zrh%"
"Austen Rutherford","Алла","Устинова","Сергеевна","matveev.marat@example.net","36071_Kcn"
"Nella Emard","Владимировна","София","Терентьеваа","egor.sorokin@example.org","72093U-mn"
"Aisha Murphy","Алексеевна","Эмилия","Тимофеева","amihajlova@example.org","49385doI_"
"Prof. Westley Simonis","Дмитриевна","Эльвира","Пахомоваа","mfilatov@example.org","pd48062P_"
"Robin Lakin","Борисович","Виталий","Кошелева","msamsonov@example.com","%15490fyQ"
"Damien Goodwin","Максимовна","Мальвина","Емельяноваа","lukin.ignatij@example.net","B93687ph%"
"Dr. Davon Emard","Борисовна","Олеся","Орлова","jkoroleva@example.com","yo%97806T"
"Mr. Hipolito Goldner","Ян","Назаров","Борисович","vinogradov.ananij@example.org","12480gf_O"
"Miss Vicenta Hartmann DDS","Альберт","Лаврентьева","Фёдорович","valentina.efimova@example.com","ywX-57209"
"Isobel Shanahan","Данила","Максимов","Максимович","nsidorov@example.com","07265Cdz_"
"Vella Bahringer","Виктория","Корнилова","Романовна","kapitolina.sukina@example.net","%L91850zc"
"Felton Roberts I","Полина","Кудряшоваа","Максимовна","hburov@example.com","twT-06389"
"Abbey Reilly","Полина","Терентьева","Максимовна","gordej69@example.org","F50273%lx"
"Dr. Emiliano Wunsch V","Диана","Жданова","Алексеевна","pavel.kozlova@example.org","%M49673br"
"Titus Hintz","Эмма","Логиноваа","Максимовна","lilia09@example.com","_po05168K"
"Jameson Moen","Борисовна","Вера","Щукинаа","tsestakova@example.org","H-63875aj"
"Yasmeen Kovacek Sr.","Максимович","Артём","Поляков","anton52@example.org","%87493blV"
"Brando Ziemann III","София","Шашкова","Андреевна","nika09@example.org","48172Ycf-"
"Dr. Scot Jenkins I","Иванович","Валериан","Васильева","iraklij92@example.net","Qqc-51937"
"Dr. Amparo Heaney","Владимировна","Рената","Николаеваа","denis79@example.com","kj23940Q-"
"Mavis Wunsch","Владимировна","Маргарита","Игнатьеваа","vandreev@example.net","32749yeO-"
"Linnie Schmidt Jr.","Эмилия","Александроваа","Фёдоровна","erik52@example.org","-Kwa87195"
"Estefania Ebert","Александровна","Анна","Бурова","petuhov.arsenij@example.org","_ht23578S"
"Mattie Senger","Игнат","Соловьёва","Андреевич","emilia92@example.org","Wfg-43209"
"Bartholome Wilderman","Максимович","Родион","Туров","ydorofeeva@example.com","_pa58932N"
"Ms. Alfreda Baumbach MD","Светлана","Никитинаа","Максимовна","boleslav.lihaceva@example.com","14972A-vl"
"Jocelyn Mueller","Злата","Киселёва","Львовна","abram84@example.org","49085fvP_"
"Mrs. Verla Ratke","Тамара","Сорокинаа","Дмитриевна","artem.bespalova@example.org","J%19325mx"
"Emilio Lemke","Витольд","Назарова","Борисович","savva.loginova@example.org","erN06342_"
"Jaquelin Wiegand","Владлен","Белозёрова","Иванович","nazar97@example.com","-gq12094Q"
"Christelle Bartell Sr.","Аполлон","Лукин","Александрович","iisaev@example.org","06491R_nk"
"Eldred Treutel","Владимирович","Абрам","Филатов","robert88@example.org","K57169%ak"
"Dr. Austin Mertz I","Дмитриевич","Вениамин","Денисова","malvina.safonova@example.net","ro_02683F"
"Enoch Strosin","Аркадий","Шашкова","Владимирович","tarasova.nikita@example.org","olW96235-"
"Alden Williamson IV","Изольда","Сафонова","Ивановна","tamara.belakova@example.com","I06251%yf"
"Lyla Upton","Фёдоровна","Дарья","Павловаа","efim.rodionov@example.com","Lcj%37806"
"Joany Marvin","Владимирович","Николай","Сорокин","antonin53@example.net","wz29083_P"
"Mr. Nestor Luettgen DVM","Ян","Рябова","Дмитриевич","pefimova@example.com","86175zj%D"
"Assunta Ruecker V","Романовна","Изабелла","Богдановаа","lbaranov@example.net","bf_32895H"
"Annie Pouros","Сергеевна","Ярослава","Авдееваа","fbykov@example.com","07513B-cx"
"Mia Maggio","Фёдоровна","Доминика","Комароваа","anzelika64@example.com","nbJ%09273"
